Predictions,Actual
7.327364,7.2049937
7.3872905,7.295747
7.4454236,7.3761053
7.2399683,7.090892
7.1263037,6.9626603
7.245205,7.1132135
7.269531,7.155723
7.9667625,7.862488
9.131218,8.98798
10.200668,10.293397
10.393713,10.477985
12.034165,11.916649
12.90786,12.868215
15.843469,15.813881
16.731571,16.665388
18.700861,18.625076
19.569597,19.470465
20.70362,20.550343
21.02531,20.870022
22.344908,22.220057
22.527273,22.384735
23.106977,22.984858
23.201511,23.069656
23.466845,23.342285
23.443779,23.291243
23.013533,22.819073
23.030708,22.842825
22.496185,22.290533
22.242197,22.029165
21.424532,21.211548
21.21322,21.004013
20.19709,20.140598
19.842888,19.80409
18.751913,18.735945
18.39196,18.372585
16.504509,16.503008
15.8591795,15.84595
13.373741,13.381464
12.507098,12.519712
11.158068,11.209694
10.927449,10.977951
10.392486,10.456849
10.165639,10.217691
9.8975525,9.911821
9.832893,9.828203
9.6687,9.624375
9.668078,9.623345
9.377303,9.351952
9.248009,9.237966
9.020491,9.029308
8.985827,8.9832535
8.716585,8.727373
8.687027,8.698353
8.522859,8.510158
8.529885,8.520489
8.35198,8.333959
8.295067,8.323149
8.254731,8.242176
8.160882,8.165854
8.040111,8.038017
8.031475,8.053248
7.8567753,7.903588
7.844452,7.8977127
7.902329,7.8317723
8.064714,8.014439
7.809625,7.758131
7.7961946,7.7662816
7.677292,7.583313
7.7066274,7.6316347
7.6923633,7.6552796
7.585225,7.5125065
7.497052,7.4559946
7.477051,7.439413
7.4851623,7.4613256
7.5009823,7.4878097
7.3393598,7.241421
7.284987,7.1824913
7.293263,7.1982393
7.283597,7.1877947
7.355439,7.2715874
7.415533,7.372062
7.271505,7.187257
7.4351687,7.3754187
7.3615813,7.342286
7.304601,7.267741
7.2806416,7.236228
7.201347,7.1509266
7.171582,7.1340337
7.155627,7.1199584
7.618674,7.6083093
7.730179,7.72657
7.8424044,7.798491
7.890333,7.8559637
7.9912424,7.9568243
8.078253,8.051543
8.04124,7.9705086
8.02022,7.952244
7.9484015,7.872925
7.9520783,7.884485
7.865725,7.732858
7.9780054,7.8612137
7.9229364,7.803235
7.9254675,7.814814
7.7058463,7.600787
7.8047204,7.699503
7.951616,7.877127
7.985446,7.935227
8.434339,8.269608
8.488851,8.326342
8.545164,8.370084
8.733167,8.548715
8.953504,8.824976
9.043666,8.901971
9.732114,9.5762205
10.0401945,9.89702
10.367137,10.325026
10.525364,10.51589
10.819149,10.849119
11.230117,11.28617
13.971098,14.03226
13.559272,13.763517
14.390107,14.446448
14.543922,14.691264
13.41732,13.629457
12.615196,12.788327
11.740587,11.902454
11.60395,11.772035
13.827946,13.857584
13.593954,13.672674
14.181683,14.256378
14.371353,14.475688
13.950567,14.037122
13.552782,13.615842
11.701404,11.758881
10.983994,10.990406
10.030861,9.889006
9.920657,9.759315
9.356163,9.203883
9.264802,9.109552
8.89371,8.767821
8.684322,8.55013
8.581123,8.443972
8.640965,8.508614
8.202054,8.211015
8.164094,8.172821
8.04247,8.04852
8.165126,8.177701
7.9192576,7.9749928
7.939412,7.9922047
7.6676383,7.688519
7.657331,7.708606
7.5541215,7.5672264
7.6059785,7.626529
7.5137205,7.5185304
7.4219375,7.412808
7.36031,7.4226875
7.350499,7.4146776
7.356448,7.4271264
7.493517,7.595099
7.14348,7.214027
7.213336,7.303213
7.0770564,7.143314
7.0180902,7.0632243
6.984296,7.0508
7.0290437,7.106539
6.810675,6.855667
6.834385,6.885081
6.8965254,6.850341
6.9697294,6.9340267
6.9368663,6.9003587
7.094188,7.077673
7.022116,6.939232
7.141602,7.08468
7.1528234,7.0885935
7.396723,7.3718204
7.4536195,7.3976326
7.571554,7.5280604
7.7094836,7.675984
7.7365456,7.702486
7.7579875,7.764225
7.615896,7.595221
7.8802357,7.889079
7.895657,7.9119425
7.8220677,7.7999206
7.9477205,7.943657
7.7897487,7.7721047
7.7903714,7.768687
7.8065953,7.7451377
7.803243,7.7384996
7.972575,7.9271035
8.014546,7.97868
7.7461963,7.6593256
7.8057275,7.7304473
7.6471896,7.561421
7.3934407,7.265435
7.417673,7.2629266
7.605337,7.4983273
7.685723,7.568327
7.6990104,7.587936
8.009063,7.941183
8.102849,8.05044
8.302356,8.24757
8.355201,8.288731
8.648091,8.476912
8.696518,8.519689
9.198914,9.003441
9.34558,9.143418
9.65646,9.528292
9.879155,9.752994
10.032176,9.897741
10.157547,10.013919
10.052863,9.951725
10.055523,9.95249
9.880366,9.786319
9.925109,9.832391
9.950719,9.899032
10.00856,9.966762
9.891873,9.849072
9.942012,9.908133
9.998655,9.861311
9.924519,9.784815
9.943657,9.816076
9.9044285,9.776033
10.053895,9.73635
9.995072,9.657544
9.976586,9.68366
9.992432,9.702847
9.954728,9.678728
9.929071,9.644674
9.873967,9.608943
9.96168,9.718354
9.663707,9.452154
9.615668,9.4033785
9.585691,9.37504
9.535461,9.325748
9.420568,9.308437
9.371155,9.257425
9.409171,9.296941
9.393582,9.280337
9.28222,9.295487
9.264783,9.278241
9.300552,9.312688
9.290086,9.30808
9.277872,9.327968
9.276962,9.323039
9.307699,9.357342
9.355937,9.413732
9.339986,9.368019
9.300718,9.32358
9.323378,9.350897
9.360485,9.392179
9.292669,9.265933
9.245326,9.224995
9.141873,9.12555
9.21379,9.201841
9.154819,9.116303
9.108339,9.063845
9.119853,9.086936
9.259774,9.212096
8.965965,9.009742
8.85488,8.870029
8.875331,8.914427
8.862871,8.910323
8.783685,8.8640175
8.906134,9.009307
8.730375,8.804542
8.7519655,8.829777
8.908397,8.901104
8.826315,8.81487
8.894822,8.880867
8.880719,8.836064
9.004908,8.976551
9.082809,9.052988
9.044021,9.022383
9.036964,9.027889
8.867118,8.868648
8.807561,8.800855
8.913797,8.923413
8.923918,8.942327
8.976156,8.928263
8.880283,8.814434
8.967511,8.915349
9.089855,9.065847
8.962855,8.898574
8.926138,8.862949
8.903909,8.829726
8.874673,8.80198
8.935355,8.844317
8.96536,8.865016
8.970318,8.886287
8.877597,8.778517
8.941452,8.869628
8.904574,8.798191
8.741099,8.647626
8.937546,8.860547
8.809631,8.754417
8.848284,8.802782
8.98979,8.929122
8.992161,8.920421
9.231007,9.031819
9.249174,9.04864
9.405592,9.205943
9.294439,9.094439
9.571147,9.433999
9.739148,9.603727
10.064683,9.922189
10.069659,9.937673
10.15757,10.064937
10.220947,10.131107
10.322666,10.223369
10.338666,10.240078
10.225941,10.225479
10.258449,10.256265
10.30897,10.306822
10.356578,10.360256
10.435412,10.353324
10.360664,10.276685
10.215613,10.124243
10.180956,10.091811
10.336026,10.041715
10.231042,9.961296
9.994439,9.704995
9.975662,9.6988325
9.834583,9.559577
9.82884,9.559632
9.611503,9.350673
9.669299,9.431462
9.32188,9.111216
9.287491,9.0786085
9.343791,9.135118
9.299245,9.093494
9.09092,8.970928
9.048783,8.929359
8.967161,8.84183
9.019907,8.897816
8.818888,8.831802
8.706434,8.716349
8.59952,8.609708
8.513187,8.514259
8.452345,8.5045395
8.586236,8.649724
8.51582,8.573364
8.442359,8.487677
8.563611,8.575468
8.520834,8.529406
8.544876,8.557011
8.508668,8.520938
8.293813,8.4107065
8.268762,8.396828
8.064507,8.174044
8.107147,8.223752
8.12188,8.135812
8.160105,8.15687
8.3172455,8.334081
8.338519,8.370659
8.111278,8.171404
8.119005,8.143388
7.872808,7.9374013
7.8784146,7.968858
7.714294,7.7715645
7.63242,7.6872077
7.521832,7.572743
7.539793,7.5988708
7.406347,7.340037
7.4034176,7.331841
7.298681,7.2461243
7.088124,6.991799
7.238932,7.1963024
7.3062663,7.2707777
7.098632,7.049664
7.0082498,6.949726
7.0120397,7.008889
7.143096,7.1621604
6.99829,6.9901705
7.091223,7.1029153
7.086633,7.109315
7.054254,7.0779796
6.9623337,6.983525
6.81605,6.8075814
6.948417,6.923249
7.1371613,7.127723
7.110861,7.087601
7.036486,6.9982696
7.348599,7.2726836
7.4773903,7.419707
7.418417,7.3367696
7.420768,7.341233
7.568711,7.4534106
7.6788454,7.577116
7.6104927,7.502368
7.637818,7.5250382
7.7348933,7.6524634
7.868294,7.823703
7.7179585,7.6344695
7.8008585,7.726761
8.134854,7.9633484
8.111029,7.9223127
8.434936,8.276549
8.441051,8.277831
8.556823,8.453654
8.624527,8.527146
8.799562,8.676354
8.794992,8.678861
9.02392,8.9270735
9.100319,8.997163
9.444062,9.319513
9.488518,9.357457
9.834701,9.76726
10.093683,10.008556
10.652548,10.59586
10.608727,10.556739
10.604336,10.501836
10.4777155,10.37678
10.115465,9.993851
10.1370535,10.025117
10.185043,9.852654
10.124206,9.773899
10.034579,9.747667
9.982899,9.6825695
10.007184,9.716042
10.284366,9.990302
9.931093,9.700956
9.752804,9.532558
9.225915,9.007825
9.043134,8.838122
8.783363,8.58396
8.598085,8.392587
8.464329,8.334655
8.442199,8.314246
8.393778,8.270466
8.359484,8.228425
8.056757,8.065918
7.903936,7.907111
7.837086,7.8390765
7.714861,7.7121468
7.650352,7.705982
7.7028384,7.765672
7.6951714,7.750243
7.7955546,7.8536005
7.485584,7.501075
7.496206,7.5181704
7.3243923,7.3359046
7.198196,7.1983557
7.12791,7.177267
7.1458282,7.1903124
7.0641575,7.1073685
7.0565796,7.1004333
6.9767,7.0228176
6.8593535,6.876303
6.9017653,6.943977
6.8450947,6.8697643
6.797773,6.8179765
6.8076468,6.863002
6.687087,6.728504
6.5335755,6.548063
6.575319,6.5848675
6.45974,6.4542527
6.560148,6.5598307
6.65906,6.695225
6.604914,6.5404406
6.5839677,6.519354
6.6347027,6.5728025
6.575257,6.5077786
6.7623234,6.706634
6.7249045,6.662348
6.561786,6.4727416
6.6211743,6.5457225
6.515329,6.4563723
6.508599,6.4562697
6.5343633,6.497781
6.4033,6.350239
6.340379,6.3701105
6.378375,6.4219694
6.2565155,6.290591
6.2220745,6.244381
6.3843923,6.3793774
6.372115,6.376716
6.266689,6.283184
6.091196,6.0841246
6.094567,6.008986
6.025701,5.9456367
5.8138413,5.715603
5.8866224,5.8000236
5.839892,5.6947384
5.7988605,5.638801
5.879098,5.7642584
5.829869,5.70913
6.102877,6.193876
6.720483,6.8036304
8.07905,8.186008
8.606481,8.732896
9.824076,9.67564
10.1155205,10.009226
12.490334,12.532842
13.371299,13.441363
15.341363,15.432888
15.879917,15.931381
17.956017,17.951548
18.212288,18.170256
19.275927,19.201038
19.80133,19.717457
20.69647,20.578384
21.027035,20.901426
20.995928,20.8542
21.106358,20.947874
21.490005,21.340446
21.353092,21.192944
20.260115,20.036463
20.113638,19.913696
19.273762,19.08444
18.928282,18.762247
18.094355,18.043844
17.843624,17.797298
16.581284,16.571592
16.10749,16.097391
14.750686,14.755187
14.22586,14.22849
12.19918,12.260964
11.167292,11.299492
9.894306,10.0115185
9.689756,9.799461
9.119837,9.142339
8.910547,8.884569
8.730024,8.653281
8.648879,8.565657
8.474853,8.34741
8.506764,8.377769
8.250513,8.263385
8.200254,8.209147
7.9409857,7.9213057
7.89577,7.8710623
7.672554,7.6678066
7.502922,7.5123277
7.451587,7.4659376
7.3925753,7.406541
7.563325,7.55188
7.593314,7.5825853
7.877106,7.863957
7.8625455,7.8467336
7.7684135,7.8262115
7.824612,7.8790884
7.655296,7.7165933
7.6449676,7.694394
7.5125937,7.5084004
7.3996644,7.405696
7.1512294,7.1724024
7.089977,7.102021
7.281122,7.319385
7.4866424,7.581923
7.442715,7.4689474
7.4511056,7.4792385
7.2871475,7.2831936
7.3279676,7.3287663
7.3197803,7.3192043
7.2502847,7.2350364
7.2006464,7.1303926
7.1065154,7.0258317
7.2262177,7.149795
7.2160897,7.1455894
7.23475,7.1522856
7.3535876,7.2910557
7.312448,7.237929
7.3704157,7.30733
7.337095,7.3303356
7.294657,7.2801356
7.1464252,7.1282225
7.115373,7.096018
7.0315685,7.0270457
7.033044,7.0372963
6.8387313,6.8370366
6.8099074,6.813803
6.830043,6.778389
6.5913987,6.494148
6.7727003,6.7160025
6.7997804,6.736059
6.7287483,6.6276517
6.7409406,6.639584
6.91249,6.8056026
7.0672436,6.988125
6.9219317,6.7840915
6.9407554,6.808057
7.0068517,6.8784957
7.1631393,7.0446515
7.342873,7.2298956
7.29226,7.164527
7.6204004,7.5257373
7.79813,7.7457094
8.014515,7.8244786
8.200548,8.0149765
8.388145,8.202021
8.483148,8.292104
8.680733,8.563882
8.803493,8.670613
9.793712,9.6669035
11.256284,11.223342
11.603337,11.6740465
11.113471,11.151903
10.431439,10.416221
10.585726,10.58552
11.046889,11.029855
11.5948515,11.729653
11.890997,12.065078
11.499161,11.707434
10.621971,10.64579
10.584927,10.621175
10.111844,10.081582
9.842721,9.803785
9.732724,9.512026
9.516904,9.251352
9.307135,9.078789
9.206155,8.976989
8.869305,8.615091
8.875638,8.631753
8.776658,8.529853
8.757649,8.510936
8.584766,8.373698
8.613343,8.416215
8.567737,8.369703
8.494504,8.298668
8.622749,8.498025
8.639882,8.517664
8.4495735,8.318534
8.604397,8.481593
8.226166,8.244306
8.20325,8.219744
8.152919,8.165259
8.099187,8.102658
8.007964,8.063093
7.890909,7.935589
8.052682,8.103897
8.139865,8.195756
8.134139,8.142514
8.287725,8.306608
8.037223,8.036139
7.9857364,7.983738
7.848455,7.91107
7.798455,7.863826
7.7203546,7.779522
7.832461,7.9059467
7.7322426,7.7682242
7.5457754,7.5354214
7.2469454,7.2881737
7.122361,7.150859
7.3040586,7.326754
7.3920712,7.435689
6.9895144,7.021132
6.9437385,6.9827185
6.8270273,6.8217683
6.7097225,6.6830406
6.6887236,6.674072
6.6661496,6.6437664
6.674066,6.6018715
6.7415967,6.6583924
6.561102,6.4726615
6.6115656,6.5221767
6.550806,6.436588
6.585327,6.4758067
6.6720695,6.5738363
6.664227,6.5527444
6.544076,6.472786
6.436167,6.34444
6.518792,6.4603353
6.367666,6.283039
6.310373,6.312903
6.3682003,6.3846836
6.258348,6.247992
6.4220986,6.4419103
6.4882593,6.46892
6.5810127,6.5699377
6.3858247,6.382532
6.2925944,6.2828355
6.506348,6.4154797
6.6991997,6.6287484
6.8162313,6.7524796
6.8225183,6.7644634
6.772948,6.6288333
6.854915,6.7214565
6.7428184,6.606571
6.740436,6.6137595
6.5053577,6.327874
6.640864,6.4868736
6.239419,6.058233
6.211972,6.0460997
6.2475777,6.076862
6.264225,6.116847
6.0861406,5.901012
6.1538243,5.9646015
6.6221514,6.338474
6.8126864,6.5613356
7.4177065,7.160654
8.354315,8.02942
11.091372,11.073155
12.763474,12.894772
15.779378,15.890647
16.558332,16.69101
14.738028,14.967739
13.506463,13.729326
11.261316,11.470575
10.890693,11.078951
10.531129,10.595565
10.301894,10.34373
9.935326,9.913977
9.94918,9.913852
10.80846,10.803154
10.937447,10.904352
10.430036,10.356398
10.65986,10.698749
11.288652,11.339732
10.454314,10.41987
9.990493,9.950271
9.305089,9.311232
8.165613,8.042641
7.8753057,7.8061705
7.077599,6.999258
6.990806,6.903346
6.645507,6.5440426
6.311479,6.2065964
6.240793,6.1404085
6.321958,6.231931
6.078391,6.0374036
6.204282,6.1775312
5.988892,5.961494
5.628184,5.590356
5.940932,5.947883
5.255221,5.2169204
5.620049,5.627556
5.545031,5.550458
5.664248,5.6683054
5.601625,5.5927916
5.596824,5.604136
5.5741496,5.58681
5.523352,5.4559097
5.6963334,5.637249
5.501202,5.4276133
5.6165104,5.566123
5.4238544,5.35199
5.4654074,5.4011955
5.347453,5.2703714
5.5570364,5.5042114
5.288255,5.2922387
5.279328,5.269289
5.375437,5.373644
5.406377,5.4108806
5.31077,5.284588
5.138453,5.0877914
5.2090116,5.205286
5.223391,5.23503
5.2490654,5.186847
5.3844533,5.348931
5.495863,5.422478
5.6744237,5.6364217
5.4149117,5.312176
5.5183134,5.4280734
5.430607,5.339913
5.4884467,5.417951
5.4320145,5.3466973
5.4296517,5.3558993
5.395738,5.303101
5.409485,5.3082743
5.2871695,5.2541847
5.15515,5.1092787
5.2593684,5.245321
5.266254,5.2554255
5.0957165,5.099206
5.026038,5.034503
4.8977137,4.9076962
4.847911,4.8527956
5.0596924,4.977605
4.8867097,4.75797
5.07933,4.9989204
5.0985813,5.0155754
5.1763024,5.041613
5.3418355,5.2341437
5.3899918,5.2797985
5.482713,5.374841
5.5492773,5.470389
5.6634564,5.620407
5.88842,5.868221
6.049494,6.091584
7.4779015,7.3219104
7.753275,7.711072
10.478788,10.3800745
11.5227995,11.566533
12.145953,12.291175
13.010899,13.229524
11.507733,11.496596
11.748468,11.757116
11.798271,11.965979
11.9296055,12.091119
10.843914,10.925456
10.785573,10.86429
14.322574,14.341009
13.80601,14.106901
13.269427,13.387836
14.0222,13.98925
14.505875,14.557973
14.051548,14.201898
11.740587,11.965695
11.6429825,11.837353
10.52588,10.466905
9.977282,9.885134
9.125201,8.977297
8.941564,8.726911
8.497588,8.34193
8.344914,8.208017
7.7593846,7.641579
7.655484,7.5581703
7.3316064,7.1977797
7.3029265,7.1837397
7.1547685,7.0191374
7.1616654,7.028059
7.097606,7.0052238
7.119902,7.0349116
7.023793,6.9282136
6.91605,6.8208075
6.8575063,6.836479
6.9014034,6.8824577
6.8621244,6.8423357
6.6982036,6.6720037
6.778953,6.8095465
6.4647193,6.4766774
6.8120437,6.84723
6.638957,6.6554055
6.685337,6.7138815
6.499061,6.5264993
6.5674024,6.5989175
6.710507,6.7577367
6.654705,6.671602
6.733633,6.7518682
6.5409675,6.5479
6.5009375,6.5114174
6.531823,6.546264
6.5783935,6.6065574
6.41799,6.422212
6.3571043,6.3645935
6.2389545,6.235973
5.939447,5.8365064
6.130569,6.1186404
6.035201,6.001751
6.065025,6.0543723
6.007878,5.9785457
6.011981,6.006116
5.8069487,5.7776294
5.859249,5.7957935
5.9168167,5.872149
5.8326454,5.7775044
5.677083,5.614046
5.713406,5.6327634
5.7384787,5.6492176
5.6736884,5.5869694
5.6432104,5.5467486
5.6226993,5.553639
5.6644545,5.600341
5.444267,5.348691
5.518673,5.439298
5.4357963,5.4307146
5.4172106,5.4158745
5.2589626,5.2423954
5.2466903,5.2378078
5.188699,5.208073
5.1369667,5.1334047
5.132791,5.1418614
5.1923966,5.199613
5.222164,5.1486697
5.18542,5.110064
5.1139636,5.030456
5.168216,5.1068974
5.14824,5.004769
5.116588,4.982562
5.2366786,5.1166663
5.372444,5.2788405
5.453477,5.5526295
6.387474,6.4492674
8.195133,8.365611
8.287447,8.439122
9.542821,9.411615
10.125966,10.034288
12.164654,12.213182
12.70877,12.811942
13.990562,14.136816
14.551112,14.645538
16.071041,16.113352
16.606503,16.610592
18.859425,18.849861
19.306307,19.280249
19.681862,19.600111
19.101887,19.107292
18.758986,18.650888
18.600702,18.460737
18.325113,18.167501
18.82635,18.688278
17.109732,17.154598
15.983403,16.13291
17.010235,16.878098
16.527275,16.454197
16.078241,16.127201
14.726175,14.803307
12.334451,12.373031
11.693765,11.752167
10.331164,10.474612
10.454873,10.607684
9.277459,9.287806
9.125393,9.108046
8.234844,8.143134
8.03931,7.9280252
7.6421146,7.49219
7.536025,7.3697014
7.525443,7.358541
7.3355813,7.164591
7.380974,7.227443
7.2470393,7.104048
7.078172,7.0620966
7.0115843,6.992148
6.989914,6.9718657
6.9842806,6.966701
6.72852,6.7310333
6.6579723,6.659303
6.6521063,6.659394
6.5863047,6.6090965
6.6849236,6.6607866
6.614543,6.6185737
6.5488443,6.5594993
6.3415728,6.320899
6.3930125,6.3506174
6.284754,6.218126
6.31349,6.290472
6.1836743,6.142874
6.1932764,6.1712084
6.131445,6.10444
6.2252235,6.1915665
6.183919,6.1561384
6.258897,6.2560945
6.387593,6.38025
6.088457,6.0330386
5.7827597,5.6571927
6.239783,6.215723
5.7485743,5.6301203
6.219814,6.2178755
6.1558485,6.151315
6.220937,6.1510077
6.2892456,6.2015214
6.5285087,6.428159
7.048323,6.927551
8.647098,8.633021
9.083066,9.093533
9.022419,9.009782
8.337994,8.340077
7.2367024,7.2074556
6.9193473,6.85589
6.5656,6.4778333
6.558834,6.4559045
6.7129307,6.687156
6.846855,6.8172045
6.711139,6.7370057
6.720915,6.741627
6.5687885,6.518949
6.6404815,6.620257
6.5231323,6.530335
6.518112,6.521749
7.8043294,7.7983375
8.303077,8.29959
9.135785,9.176975
9.452812,9.526777
9.975685,10.0821495
9.97828,10.168047
10.502294,10.672154
10.91177,11.037666
11.937422,11.662611
13.141013,12.842449
14.952003,15.031626
15.116908,15.205
15.908081,15.726067
16.48437,16.277538
18.074768,17.739664
18.522211,18.15162
21.001871,20.692911
21.273035,20.9408
22.473862,22.338436
21.881556,21.69887
23.18676,23.097153
23.642813,23.573313
24.400673,24.327106
24.766136,24.71438
24.451744,24.378576
24.311243,24.220163
23.97855,23.791706
23.9895,23.799383
22.94179,22.741056
22.453403,22.24058
21.714197,21.487076
21.57208,21.339367
20.174469,20.137695
19.527029,19.503885
18.406528,18.39
17.824846,17.815983
16.434626,16.45932
15.841819,15.85677
13.495736,13.490891
12.344632,12.388243
10.315114,10.414774
9.977876,10.069476
9.476398,9.535499
9.5152855,9.568996
9.133119,9.105484
9.095407,9.061594
8.8489065,8.816384
8.704891,8.668198
8.527073,8.49544
8.517466,8.485853
8.333136,8.316496
8.173642,8.135579
8.117605,8.108765
8.054809,8.062689
7.776245,7.7857904
7.870477,7.888573
7.531057,7.536395
7.497995,7.492299
7.5214,7.5191483
7.406718,7.369318
7.375737,7.3469605
7.5334954,7.5593286
7.298522,7.280008
7.177278,7.1459966
7.2998185,7.244228
7.3050694,7.274619
7.263777,7.2397585
7.3701324,7.365302
7.550812,7.4827642
7.4719696,7.38897
7.578133,7.56731
7.7386847,7.771757
7.6856337,7.6777754
7.7408423,7.7428045
7.722103,7.717838
7.934207,7.971591
7.783725,7.7318625
7.7411747,7.681949
7.916866,7.8634744
7.7946105,7.719499
8.027843,7.98198
8.1328535,8.08858
8.028289,7.989147
8.124614,8.111203
7.8735557,7.8534713
8.047211,8.054199
7.850413,7.8301325
8.024897,8.038405
7.847061,7.812155
7.9348235,7.9143314
7.8991942,7.886284
7.7647963,7.736959
7.841213,7.7910566
8.02618,8.001292
7.5875893,7.5387635
7.631266,7.611897
7.4083962,7.3171196
7.182906,7.0594425
7.698806,7.63488
7.8310943,7.793029
7.579712,7.3856926
7.7465324,7.566325
7.6167517,7.436167
7.6050963,7.433188
7.553782,7.3717136
7.337341,7.16693
7.5626206,7.3917394
7.440054,7.251893
7.681817,7.5129833
7.7655635,7.594762
7.7968655,7.6276
7.66034,7.4763317
7.7863064,7.6248364
7.778123,7.6250916
7.790577,7.6315913
7.8288584,7.673943
7.8892837,7.784129
7.9825826,7.8863773
7.9032555,7.792594
8.035598,7.945922
7.905572,7.9119887
7.91739,7.9104238
8.003726,8.035304
8.100956,8.156113
7.977151,7.96704
7.8797283,7.842378
7.9366555,7.946133
8.125193,8.180449
7.886264,7.9366117
7.5552917,7.5932508
7.5650806,7.59864
7.5492644,7.576515
7.295676,7.223227
7.246958,7.1853404
7.331276,7.279295
7.2264223,7.162038
7.234293,7.104134
7.3536434,7.2313805
7.3352833,7.218843
7.4369855,7.325922
7.2329674,7.1689777
7.2035494,7.132595
7.214184,7.155661
7.3843603,7.34081
7.096122,7.0895
7.039327,7.03488
7.0255504,7.0268946
7.20339,7.223172
6.8160863,6.881543
6.81785,6.881101
6.5754533,6.626891
6.468691,6.5197306
8.744746,8.829801
8.705699,8.7777
8.662469,8.760278
8.609033,8.700704
8.763017,8.881091
8.737572,8.864032
8.760645,8.899309
8.574507,8.694788
8.440789,8.547577
8.395101,8.487576
8.5847845,8.71375
8.518711,8.649738
8.561249,8.626835
8.5060425,8.58557
8.57941,8.685382
8.552622,8.657827
8.547411,8.663728
8.635506,8.806355
10.719325,11.113601
11.998722,12.429984
14.835555,15.135243
15.471183,15.76597
16.938305,17.277012
17.370937,17.782534
19.3588,19.919796
19.62767,20.174932
20.091534,20.607956
20.905645,21.380587
22.550518,23.059114
23.183807,23.706293
24.288523,24.79524
24.051737,24.513042
25.136457,25.635227
25.338478,25.83999
24.071997,24.547998
24.231768,24.60511
25.468662,25.947716
25.254509,25.728863
25.238178,25.714108
24.93616,25.414593
23.536417,23.934559
22.589703,22.91842
22.279764,22.612644
21.773788,22.09135
21.513792,21.728342
21.728594,21.960035
20.117855,20.362865
19.540798,19.788559
17.908194,17.969187
17.462692,17.508348
16.24109,16.252697
15.48647,15.4700575
14.714024,14.690285
14.638177,14.622502
13.692866,13.708904
13.412061,13.448984
12.63584,12.798833
12.770323,12.943933
12.43049,12.626288
12.413891,12.615351
11.433689,11.613374
11.317813,11.481259
11.105779,11.245228
11.262712,11.422157
10.968181,11.129059
11.286352,11.469127
10.48293,10.618248
10.431807,10.551465
10.912784,11.127476
10.639007,10.838272
10.5665455,10.779959
10.421213,10.628271
10.36189,10.420275
10.378801,10.444789
10.345912,10.429499
10.255196,10.341279
10.630915,10.683733
10.699762,10.753136
10.709743,10.78869
10.770038,10.866271
10.338411,10.730566
10.344128,10.733967
10.131829,10.517418
10.094103,10.478072
10.351692,10.55843
10.352515,10.560579
10.230045,10.4253
10.25078,10.457151
10.2042465,10.31357
10.331403,10.458758
10.02797,10.124209
10.01842,10.117359
9.764471,9.848282
9.745135,9.830784
9.636965,9.711462
9.6340065,9.718227
9.417155,9.4785385
9.49235,9.565535
9.306545,9.375916
9.29259,9.371594
9.29893,9.377139
9.266677,9.345753
9.210894,9.293219
9.191925,9.271257
9.192447,9.258959
9.103316,9.158456
8.975288,9.035512
8.982847,9.061485
9.110835,9.109162
9.03817,9.01312
9.085615,9.065149
9.12606,9.10036
9.496099,9.504298
9.5371685,9.576426
10.124579,10.270847
10.3768425,10.56654
10.409651,10.549964
10.52419,10.685043
12.376193,12.548666
13.216435,13.408008
14.56186,14.833275
15.109444,15.396778
17.831514,18.312634
19.005884,19.493164
17.979803,18.41955
17.132936,17.474688
16.064365,16.308002
14.48291,14.681148
13.57435,13.965006
14.166949,14.479116
13.466803,13.630701
12.820836,12.961209
12.105217,12.284341
11.9563875,12.115817
12.0221,12.1466055
12.285457,12.482817
12.717043,12.962411
12.75837,12.999539
12.1190815,12.283981
11.932588,12.048532
11.685484,11.680828
11.480893,11.460772
11.588701,11.575555
11.432849,11.391382
11.540179,11.474775
10.925967,10.785454
11.295902,11.214524
10.688803,10.5392065
10.836057,10.777451
10.5476,10.460564
10.595393,10.571189
10.093435,10.011478
10.365894,10.358378
10.174125,10.148367
10.120093,10.08689
10.625307,10.642498
10.331425,10.381335
10.121971,10.145694
10.001124,10.009865
9.739718,9.722315
9.193197,9.17414
9.095827,9.064913
9.407089,9.404831
9.599729,9.615915
9.068582,9.076112
9.045684,9.0272
9.264563,9.306962
9.538986,9.625329
8.994038,9.001258
8.51735,8.444691
8.077352,7.941292
7.9833946,7.812158
7.880269,7.773113
8.007897,7.921843
8.189954,8.135433
8.549625,8.561382
8.164278,8.341901
8.389967,8.601917
8.555307,8.773794
8.279003,8.4507
8.397439,8.436058
8.167723,8.172007
8.521854,8.584325
8.241643,8.264819
8.086162,8.02589
7.8160872,7.724253
7.527146,7.4122305
7.441403,7.323369
7.868427,7.8459535
7.363216,7.272669
7.726008,7.6950293
7.1959896,7.088085
7.606137,7.6018167
7.7580843,7.770296
7.2805996,7.2419634
7.306938,7.264115
7.694775,7.6766405
7.916137,7.923719
8.2373705,8.287517
7.5233526,7.47234
8.66606,8.76091
8.43422,8.497526
7.619438,7.5740037
7.4194326,7.352692
7.3954253,7.253932
7.589645,7.488648
7.4251614,7.304801
7.309396,7.167136
7.279535,7.0822973
7.457148,7.2970243
7.3241034,7.1509514
7.160884,6.9725704
7.612228,7.510296
7.557825,7.4374065
7.8254247,7.716649
8.057709,7.9834504
8.166671,8.294064
8.293767,8.403645
8.027992,8.168915
8.249476,8.373328
10.246797,10.359144
12.274276,12.2640085
11.413705,11.678626
10.126313,10.231994
11.647033,11.833874
13.864061,13.8817
13.9931345,13.957356
18.397106,18.690401
15.618088,15.92551
14.092564,14.341709
11.050461,11.058783
10.288052,10.26567
10.41489,10.401464
12.505512,12.32705
13.542531,13.512633
12.297461,12.277025
13.4084215,13.370734
12.402594,12.290407
12.260422,12.282834
12.085542,12.070006
11.644872,11.629249
12.880258,12.949025
11.314509,11.282319
11.30561,11.260117
11.106536,11.002458
10.861625,10.760126
10.2719555,10.155099
10.010621,9.86499
9.53565,9.444917
9.466873,9.36551
9.339559,9.228991
9.353545,9.242997
9.0205965,8.94276
9.001844,8.922106
8.942857,8.850658
8.879331,8.781758
8.355345,8.259862
8.098581,7.965849
8.181239,8.036409
8.218997,8.087638
7.960536,7.76695
9.189176,9.231429
8.110038,7.9425373
8.5174885,8.404861
7.74529,7.5365252
7.6902924,7.4687724
7.310595,7.0446444
7.2782626,7.016724
6.956596,6.6875753
7.035674,6.7821603
6.8411303,6.5645323
6.713439,6.4069934
6.3308353,6.328847
6.2137437,6.200691
6.1941137,6.18595
6.350424,6.367563
6.9377356,6.924945
6.331245,6.2368145
6.4352593,6.393178
5.774263,5.6680326
5.794431,5.6156974
5.9010086,5.7455645
5.7890887,5.637093
6.2605157,6.1816716
8.350356,8.596089
8.779775,9.104078
7.5285735,7.6715126
8.173184,8.396722
8.105749,8.358278
7.9022923,8.1286335
8.02593,8.283027
7.4913344,7.69799
8.593099,8.894157
8.358446,8.634508
7.7544184,7.9517827
7.5837398,7.7545652
6.814095,6.8494024
6.8841295,6.92659
6.7448626,6.7619443
6.8181896,6.843044
7.0503626,7.029456
7.2180786,7.2125497
7.047412,7.0157795
7.7129455,7.76111
7.666422,7.697924
8.059459,8.158149
8.556346,8.737457
8.605319,8.765787
8.874613,9.143485
8.952834,9.215629
9.221477,9.457478
8.843136,8.935931
8.857001,8.9764595
9.081506,9.163858
8.766293,8.932584
9.123536,9.2948
9.258725,9.246748
9.015097,8.990729
8.625569,8.603766
8.586083,8.553835
10.040201,10.036993
10.678687,10.722465
10.483577,10.479642
11.13086,11.2175665
11.224185,11.241211
12.067071,12.273124
13.997042,14.34728
13.708442,14.103846
13.305439,13.629128
12.178535,12.373997
13.585722,13.733375
15.1802025,15.386887
15.321793,15.526232
12.536245,12.597197
10.552471,10.419998
9.552734,9.318018
10.767495,10.679348
10.829738,10.694689
9.8975725,9.702685
9.784415,9.586174
9.84716,9.745316
10.187676,10.141111
9.345453,9.233802
8.676314,8.502997
7.7960777,7.569463
7.6811414,7.458423
7.611729,7.418075
7.1980925,6.981456
7.175765,6.9940004
7.2034183,7.040267
7.16828,7.000048
7.125606,6.9526615
7.11015,6.9323735
7.042424,6.8802047
7.022862,6.858529
7.098841,6.955249
7.621635,7.478309
7.5164566,7.386613
7.2002583,7.019424
7.0930476,6.866633
7.9657564,7.863645
7.4671483,7.3097863
7.447281,7.2870226
7.745872,7.623736
8.021277,7.9381714
7.9632144,7.8754377
7.3325715,7.1625257
7.6906886,7.5564704
7.242007,7.4211764
7.3815284,7.5802197
7.57334,7.7963276
7.8601427,8.124179
8.404756,8.614158
8.017254,8.175409
7.698123,7.8187027
7.8100343,7.945542
7.6298656,7.6587577
7.161722,7.1415796
7.438667,7.462843
8.215328,8.339546
7.1125383,7.1169353
6.8116465,6.78421
6.389201,6.3074718
6.3424835,6.2620144
6.727027,6.782198
6.5956306,6.6512475
6.246119,6.274676
5.820914,5.820779
6.1232257,6.100256
6.4100146,6.4195666
6.322915,6.3126874
6.305034,6.2932644
7.321224,7.4029512
8.008838,8.183538
7.2360888,7.306789
6.734484,6.7415886
6.2571187,6.1599526
6.1933355,6.1048207
6.153743,6.092125
6.2625356,6.2213197
6.138182,6.0288796
5.7424707,5.6000376
6.292863,6.2493925
6.1371083,6.1174173
6.594371,6.5925474
6.536184,6.52836
8.598802,8.870471
10.113751,10.393905
13.035376,13.4897995
15.068601,15.703187
15.700023,16.248
16.948336,17.49579
17.118967,17.582249
14.022106,14.280146
20.490755,20.907963
20.032907,20.412025
15.53159,15.857406
15.610167,15.770319
19.403688,19.855955
18.34202,18.658289
20.584373,21.07529
19.448215,19.778725
16.503473,16.752832
14.77987,15.081014
11.474984,11.695178
11.899512,12.120511
13.510905,13.645169
14.207725,14.306092
13.505156,13.600641
13.292592,13.429795
12.222418,12.3167095
10.650742,10.635657
10.454533,10.342999
10.348397,10.239642
10.161899,9.96018
10.459417,10.254442
9.786885,9.623342
9.726921,9.556183
9.6293335,9.4479475
9.70512,9.529416
10.149233,10.122446
9.589895,9.508956
8.968418,8.819525
8.892986,8.74041
8.622125,8.5001955
8.468471,8.330114
8.424154,8.281979
8.484446,8.347813
8.188121,8.079382
8.045254,7.921763
8.010113,7.881244
8.015579,7.8795233
8.573824,8.510877
8.498715,8.430427
9.084119,9.101503
8.531993,8.456835
9.468746,9.562498
9.7125025,9.851849
8.531925,8.477165
7.7626786,7.574534
8.692843,8.7293005
9.423657,9.543045
9.746075,9.905585
9.758584,9.928868
9.092156,9.476724
9.547857,10.019726
9.183314,9.610382
9.390415,9.862286
9.363547,9.737182
9.499801,9.904436
9.463119,9.866379
9.122801,9.469857
9.021021,9.264362
9.181103,9.451192
8.388355,8.568771
8.588084,8.800988
8.012606,8.188392
8.070092,8.25587
7.618413,7.7608314
8.69072,8.974745
7.2540054,7.415892
6.741292,6.8487983
6.7871733,6.921528
6.655292,6.7716417
8.189523,8.469716
8.981769,9.373177
8.403056,8.732877
8.520779,8.864559
8.718884,9.088549
8.484673,8.81951
8.157138,8.454197
8.979551,9.38354
8.043381,8.247977
8.690986,8.977842
8.19694,8.436326
8.827553,9.136542
8.1472,8.30784
8.553161,8.765146
8.489256,8.710168
8.063601,8.236049
6.549857,6.4652042
6.7424507,6.688239
7.010853,7.03458
7.5806246,7.7099247
7.477307,7.550748
7.26279,7.3151298
7.427554,7.508528
7.326485,7.39003
7.1839914,7.2702646
7.2595134,7.353639
7.011372,7.0609684
7.5007067,7.633789
7.7723355,7.8476815
7.978057,8.068602
8.579419,8.719852
8.705478,8.856202
9.009631,9.163744
9.104916,9.273931
8.059303,8.148612
9.225344,9.426055
8.212147,8.308298
9.176794,9.3528185
8.61357,8.747501
8.627337,8.765192
9.013491,9.107285
9.003631,9.104601
9.112917,9.218572
8.883318,8.964449
8.966808,9.016808
8.468071,8.462023
8.753088,8.818129
7.5361176,7.558678
8.549613,8.749333
8.703604,8.916524
8.11328,8.287542
8.14638,8.324617
7.8534975,8.044396
8.5429,8.782991
7.694007,7.8807516
6.9355645,7.070976
7.00821,7.0944223
8.101861,8.283591
6.1943054,6.213865
5.6516223,5.6303334
5.730171,5.6098332
5.5770373,5.473627
5.495883,5.3619127
6.0835385,5.982415
5.875519,5.7308064
5.7879767,5.616393
6.303427,6.2134066
6.9123616,6.895128
7.0133667,6.952355
7.4075994,7.3871937
6.051196,5.8508625
6.1632648,5.993672
5.8879814,5.64009
5.895917,5.6365004
5.798548,5.533906
6.42411,6.2407174
5.725966,5.848336
5.3949914,5.4576325
6.2200146,6.4311404
6.101082,6.2963715
5.819024,5.8240232
5.6166096,5.589994
5.9919662,6.0246453
5.7857966,5.777942
6.1657248,6.1541395
6.364534,6.3889027
5.81978,5.7486424
6.1678786,6.1534376
7.095373,7.2989416
5.9747167,5.9961705
5.99527,6.0168204
5.69894,5.6693935
5.9903693,6.1323056
5.845562,5.9751196
6.659024,6.884788
6.332271,6.5105424
6.5693135,6.7293406
6.066665,6.1700535
7.049075,7.2640133
7.2635107,7.507008
5.7795796,5.7976375
5.9714336,6.008179
5.1538825,5.1357102
5.223988,5.212805
5.3268127,5.2708654
5.330324,5.2344055
5.0541205,4.982702
5.492937,5.4745407
5.170029,5.080734
5.5547566,5.4736223
5.213649,5.1338334
5.28818,5.2222314
5.471525,5.212759
5.4487815,5.1929255
5.775579,5.609021
5.6432805,5.429512
5.7852235,5.674849
5.6396623,5.5186934
6.0033307,5.9166107
5.918191,5.8264794
6.3797884,6.2972054
6.348321,6.250115
7.1268315,7.0781565
7.3860655,7.3601975
7.745487,7.6616993
8.055193,7.9989758
7.6598096,7.5775466
7.668336,7.5853987
7.627425,7.5443306
7.5698743,7.4859214
7.7008023,7.617519
8.016352,7.9598756
7.7933607,7.6515317
7.6876473,7.5284615
7.8126955,7.664536
7.628082,7.472277
7.697909,7.507752
8.4709015,8.337664
8.018703,7.852209
7.9074254,7.7326884
7.47742,7.288931
7.4988303,7.3052087
8.147914,8.026723
7.551526,7.380142
7.860594,7.7851205
7.4163694,7.294111
7.901117,7.831494
7.395021,7.282628
7.3708467,7.2487645
7.172923,7.0145683
7.1447253,7.004024
7.183996,7.050606
7.9078,7.8107114
8.318107,8.244146
8.655869,8.602245
8.550043,8.49002
8.250675,8.219033
8.000146,7.9529076
7.437659,7.3605394
7.5333233,7.4666014
8.128174,8.087754
8.487163,8.50594
8.319773,8.300221
8.024491,7.982802
8.504128,8.479415
8.442686,8.399465
8.18519,8.124064
7.951621,7.8554006
7.7661214,7.641828
7.9562817,7.8664474
8.010988,7.9288106
8.239812,8.192176
7.8716984,8.071604
7.7269287,7.9042296
8.467847,8.749237
8.905499,9.254555
8.651879,8.812462
8.289648,8.394213
8.048697,8.112488
7.931816,7.978318
7.7492456,7.6769657
7.609253,7.5175095
8.348986,8.357238
8.062679,8.024618
7.8371177,7.780237
7.637988,7.5545316
7.5498934,7.4617157
7.7180014,7.6523557
8.0455,8.06207
8.171712,8.21699
7.6721644,7.6583014
7.488516,7.465511
7.4741063,7.4352164
7.650929,7.6392694
7.279215,7.2204704
7.2136602,7.150963
7.989776,8.018216
8.711965,8.844139
7.4901295,7.4499683
7.502374,7.4585037
7.442763,7.31553
7.471576,7.3413033
7.621085,7.5082064
7.6034484,7.4882436
7.7685823,7.623919
7.7947836,7.6591268
7.933786,7.793949
8.034344,7.895622
8.179389,8.054938
8.291841,8.1768055
8.460587,8.352608
8.39335,8.276862
8.296518,8.304968
8.420897,8.498456
8.695197,8.699169
8.6255665,8.638834
9.200207,9.222576
9.241566,9.265683
9.5314,9.591467
9.493699,9.548361
9.675371,9.66466
9.692323,9.655145
10.028663,10.052128
9.90984,9.937703
9.849193,9.834433
9.922411,9.915031
10.211489,10.2267885
10.276123,10.292519
10.472986,10.411723
10.551783,10.497897
10.706636,10.670555
10.786277,10.751775
10.879354,10.765278
10.584605,10.435667
10.475666,10.312388
10.453817,10.286726
10.629353,10.479172
10.667618,10.519429
10.650817,10.49959
10.6421995,10.492713
10.496276,10.393683
10.422007,10.311471
10.40702,10.296085
10.39579,10.281306
10.221421,10.19585
10.191102,10.159917
10.202447,10.174113
10.2688055,10.245205
10.113574,10.128079
10.171622,10.193348
9.946658,9.945747
9.824995,9.813531
9.811916,9.840844
9.729378,9.747805
9.791061,9.811884
9.863554,9.897435
9.703491,9.846426
9.721371,9.862662
9.618051,9.749257
9.595348,9.71437
9.554426,9.585042
9.490656,9.513572
9.459108,9.487149
9.358617,9.386107
9.333213,9.278905
9.393545,9.348104
9.305405,9.253137
9.305879,9.246403
9.072373,9.220856
8.990957,9.128156
8.963581,9.106682
8.93807,9.083397
9.018031,8.989849
8.937536,8.898948
9.033984,9.024194
9.048897,9.041542
9.108681,9.040009
9.02303,8.939166
9.2611065,9.2116165
9.247767,9.199434
9.167892,9.094996
9.238217,9.180353
9.311137,9.259919
9.187621,9.102526
8.888438,8.774929
8.814068,8.710408
8.610683,8.478045
8.527583,8.390903
8.416893,8.2884865
8.381457,8.250596
8.317712,8.192861
8.351015,8.231298
8.2938,8.147969
8.298072,8.153553
8.453965,8.332631
8.483697,8.356774
8.73467,8.54714
8.771586,8.582546
9.056777,8.887328
9.070072,8.894963
9.326532,9.157306
9.448855,9.266607
9.612663,9.464325
9.755524,9.619318
9.851976,9.778723
9.880514,9.808001
10.26404,10.221298
10.345281,10.302452
10.271591,10.285121
10.128777,10.122581
10.244564,10.253563
10.341376,10.346943
9.798052,9.815548
9.817075,9.864683
10.339418,10.375269
11.286727,11.343991
10.914258,10.986212
11.17676,11.270011
11.13238,11.232809
11.371431,11.496269
12.96644,13.256976
12.86957,13.0757065
11.980923,12.115676
11.8024025,11.926089
11.934949,12.034073
11.9702425,12.064264
11.616276,11.648143
11.611834,11.645484
11.730605,11.684214
11.53514,11.462274
10.951028,10.798729
10.891368,10.721857
10.630352,10.442694
10.592582,10.400369
10.515597,10.3198595
10.454005,10.254094
10.189541,10.060308
10.127864,9.994114
9.915681,9.760639
9.8490095,9.68537
9.609154,9.526128
9.558092,9.469626
9.522971,9.43028
9.526522,9.435428
9.426268,9.37737
9.373594,9.316971
9.344775,9.286357
9.309868,9.246741
9.253793,9.233202
9.253138,9.232661
9.234502,9.209784
9.134745,9.103758
8.982061,9.004594
8.952752,8.961008
8.883732,8.888239
8.858019,8.849018
8.9290285,8.941763
8.98304,9.020198
9.024542,9.042807
8.98012,9.001445
8.983613,8.955393
8.949477,8.917004
8.981226,8.950212
8.934309,8.897722
8.578849,8.7020445
8.532267,8.648401
8.526482,8.653011
8.538661,8.667508
8.796375,8.806664
8.834765,8.848027
8.579736,8.561352
8.586096,8.5646715
8.536665,8.441691
8.529372,8.4339905
8.464669,8.369095
8.441612,8.344422
8.3714485,8.289322
8.3814745,8.305541
8.310802,8.225121
8.324034,8.240559
8.319116,8.230888
8.29565,8.2106
8.377475,8.294515
8.3701935,8.287573
8.39304,8.324274
8.359865,8.284409
8.354007,8.277918
8.312047,8.231222
8.369495,8.278032
8.365591,8.275274
8.423022,8.3404875
8.441264,8.358929
8.445737,8.273154
8.471534,8.2960415
8.479113,8.307848
8.470209,8.300863
8.707104,8.518734
8.930959,8.787629
9.010726,8.873873
8.829086,8.664747
8.899429,8.754618
8.961011,8.818344
9.114758,8.991149
9.052648,8.91975
9.127492,9.063512
9.276299,9.225296
9.221236,9.197814
9.272413,9.25303
9.3553705,9.370381
9.309924,9.325453
9.828534,9.884234
9.972865,10.039206
10.181883,10.218404
10.294811,10.350677
10.424613,10.486684
10.315181,10.361027
10.139691,10.13599
10.168635,10.17732
10.250444,10.252219
10.465768,10.489085
10.782747,10.761495
10.74427,10.742782
10.523463,10.464024
10.283406,10.200855
10.532382,10.418706
10.40133,10.263781
10.4271145,10.291262
10.379216,10.233729
10.595136,10.47512
10.4616995,10.331049
10.199392,10.039185
10.254056,10.09942
10.499726,10.432657
10.178092,10.083649
9.64836,9.487579
9.564135,9.3955145
9.479229,9.37696
9.371976,9.258251
9.285061,9.163073
9.17694,9.0437565
8.865109,8.758987
9.046682,8.953822
8.912101,8.807932
8.776427,8.660047
9.117637,9.080389
9.225374,9.200626
8.7658,8.694697
8.783536,8.714748
8.588647,8.54129
8.482229,8.394074
8.441081,8.370353
8.617752,8.556021
8.334405,8.252998
8.28009,8.201789
8.343917,8.26792
8.3122015,8.231034
8.215133,8.170524
8.183962,8.13652
7.943132,7.8541307
7.91552,7.819114
7.669707,7.7508345
7.6364512,7.719376
7.6844196,7.7685933
7.663412,7.738242
7.9526606,7.913714
7.986739,7.9444256
7.9755435,7.9329743
7.9250855,7.878764
8.133536,8.041333
8.258235,8.181558
8.106457,8.008767
8.055515,7.9507227
8.174966,8.100377
8.116832,8.034717
8.018017,7.9254503
8.007219,7.9183035
7.982463,7.906968
7.9605546,7.885706
7.9171295,7.833713
7.8942213,7.8122635
8.002431,7.9353476
7.980264,7.9157915
7.9944625,7.922273
7.971015,7.8927584
8.026378,7.9400706
8.002482,7.914734
8.060718,7.9772563
8.051767,7.9637194
8.111232,7.949328
8.005661,7.834675
8.148899,7.9981537
8.186901,8.043808
8.376063,8.225479
8.345868,8.204305
8.592223,8.468728
8.66774,8.551723
9.044176,9.013297
9.011446,8.947742
9.197762,9.126413
9.016404,8.929224
8.685352,8.730151
9.143787,9.211268
9.328418,9.385515
10.004489,10.092051
10.927654,11.087342
11.151822,11.278331
10.338404,10.377838
10.520371,10.559694
10.195028,10.243542
10.24307,10.292735
10.070024,10.08071
10.042185,10.042421
9.988526,9.974077
9.835516,9.809112
10.337251,10.335707
10.469398,10.448044
14.975376,15.123649
16.679106,16.902044
15.057769,15.357567
13.29084,13.611226
12.970197,13.14656
12.995332,13.148126
12.49733,12.630074
12.441259,12.565473
11.978712,11.972598
11.571501,11.512009
11.615316,11.584714
11.030336,10.931531
11.285149,11.301348
10.77797,10.740478
11.007118,11.01642
11.265671,11.312501
10.243473,10.22179
10.128701,10.099796
10.888708,10.929609
10.15185,10.115092
9.148755,9.068857
9.325843,9.268359
10.087006,10.097711
8.821249,8.708435
9.649307,9.668679
9.455544,9.453577
9.604112,9.612823
9.425735,9.415058
8.96778,8.983044
8.928561,8.927767
9.447189,9.53359
9.548751,9.661843
8.952952,8.971513
9.034628,9.064582
9.014882,9.044789
8.4454565,8.393375
8.318567,8.2895155
8.710982,8.711212
8.558242,8.551041
8.532249,8.527785
9.134348,9.417659
8.848656,9.084766
8.521489,8.705098
8.966218,9.225545
8.858669,8.93202
8.47336,8.478985
8.718629,8.765066
8.799761,8.878092
8.526125,8.482794
9.034657,9.066754
9.225645,9.296547
8.981402,9.014796
9.164796,9.239897
9.11338,9.179349
9.237286,9.314298
9.502408,9.617848
8.299677,8.241724
8.704317,8.696901
8.216858,8.155326
8.252365,8.19671
8.239944,8.187456
8.251098,8.202573
8.731115,8.745463
8.4383545,8.414355
8.904139,8.929873
8.827362,8.851168
9.886318,10.045918
10.08886,10.288806
10.463212,10.5880785
10.649239,10.793843
10.298292,10.412641
10.222417,10.31688
10.610569,10.703887
10.673514,10.802897
10.50677,10.599225
10.638711,10.750824
10.834841,10.963514
11.27162,11.4216585
10.757138,10.835851
11.008748,11.128823
10.921949,11.025716
11.141314,11.247193
10.887151,11.01171
11.142238,11.323883
10.951667,11.110709
10.550721,10.674012
11.008043,11.172657
10.818492,10.964361
10.913601,11.089412
10.983093,11.170092
11.066179,11.258063
10.747601,10.902716
11.042295,11.207707
11.139961,11.318707
10.0107975,10.060179
10.131005,10.198974
9.3787365,9.312414
9.019673,8.920687
9.593319,9.5787525
9.1340275,9.070472
9.354004,9.273355
8.314901,8.161611
8.96825,8.870938
9.60016,9.5386505
9.9972105,9.989923
9.911019,9.898447
10.255629,10.2596245
10.401741,10.409484
9.951944,9.996371
9.777136,9.80818
8.925142,8.901729
6.2352157,6.318775
6.016788,5.9737644
5.9731593,5.9265184
6.2717996,6.255271
5.8979826,5.8406096
5.8071113,5.6670756
5.7790623,5.6455345
5.734244,5.626133
5.8679333,5.781425
5.3360243,5.2688956
5.187934,5.1074967
4.8620057,4.769977
4.9378147,4.866292
4.8052697,4.8615446
4.847521,4.905531
4.466656,4.4967003
4.360749,4.38201
4.186804,4.261596
4.3278313,4.4136024
4.0164175,4.09925
4.0644546,4.160576
4.2253013,4.209996
4.3773193,4.286929
4.8400984,4.823811
5.1066766,5.191098
5.4773045,5.591407
5.9561653,6.1415925
6.100605,6.3980203
6.425429,6.787619
8.219812,8.493035
9.577564,9.840603
11.055921,11.232263
11.723438,11.902579
11.115758,11.252783
10.969459,11.125884
12.881635,13.049143
14.28803,14.449626
13.278441,13.445075
14.096973,14.315655
14.289969,14.400581
14.481687,14.583299
14.455334,14.5368805
16.091724,16.202646
16.071272,16.11697
16.198523,16.23509
16.827356,16.85888
18.742302,18.818579
18.095272,18.07817
18.359385,18.37064
18.249424,18.208363
19.041506,19.057264
17.852491,17.775505
17.117071,17.001781
18.529999,18.53716
18.784412,18.81365
17.548126,17.545488
16.273193,16.164968
17.124184,17.022812
17.810286,17.743137
17.156698,17.078995
17.408285,17.333918
16.804895,16.680626
16.52274,16.401178
16.565979,16.472675
15.897141,15.806227
16.931705,16.827518
16.023928,15.98507
16.256617,16.242641
16.141535,16.118153
15.911296,15.87853
15.583962,15.571472
15.448576,15.396564
15.191623,15.163189
14.585796,14.632905
14.377275,14.429064
13.800117,13.868818
13.686663,13.760991
13.770441,13.905887
13.7638645,13.897313
13.056124,13.163576
12.953372,13.064596
12.442773,12.522981
12.226041,12.289264
11.528177,11.557421
11.406337,11.430828
11.310609,11.241717
11.307823,11.248441
11.131268,11.071143
11.038813,10.9776125
10.739391,10.569664
10.770015,10.611681
10.253639,10.078763
10.331088,10.159336
9.781628,9.821637
9.762363,9.826345
9.60576,9.731738
9.509542,9.630083
9.539799,9.519742
9.484333,9.482324
9.264973,9.227279
9.253076,9.240939
9.687841,9.622368
9.493889,9.381301
9.4193945,9.318713
9.297478,9.159859
8.960954,8.83328
8.661738,8.514728
8.192972,8.034676
8.0387335,7.858911
7.489141,7.3325505
7.24606,7.084235
7.245841,7.108047
7.316152,7.20192
7.6018367,7.4813066
7.4591312,7.321344
7.4937124,7.3945613
7.5646253,7.4991765
7.819749,7.699432
7.964211,7.8165526
8.451794,8.420309
8.697062,8.715147
9.35603,9.372815
9.695134,9.75911
10.918712,11.138165
11.395782,11.684737
13.332915,13.364026
14.077654,14.123644
15.247202,15.291155
15.368725,15.402525
16.576223,16.683
17.406593,17.476122
17.51177,17.468256
18.205442,18.166126
19.340855,19.338663
19.895662,19.904411
20.225348,20.19604
21.769781,21.726759
19.720264,19.68624
20.335844,20.269125
19.710169,19.759388
18.704355,18.654406
17.941849,18.022152
17.163322,17.231934
19.823008,19.818802
20.268215,20.202942
21.1874,21.126589
23.920635,23.967613
20.325111,20.527548
19.036022,18.947582
21.133167,21.181618
22.965157,23.122385
23.049278,23.25925
23.010681,23.222755
22.142437,22.296307
21.240862,21.33964
19.899141,19.938137
19.491693,19.557137
18.22589,18.228952
19.003317,19.01666
17.358528,17.32093
17.003786,16.940285
16.447218,16.245148
16.218897,15.969116
16.281897,16.04406
15.80785,15.542596
15.455729,15.34989
15.199792,15.096505
15.103986,15.008575
14.44089,14.345647
13.454098,13.490437
13.088217,13.130265
12.535975,12.620517
12.413506,12.512875
12.043214,12.143271
11.976373,12.068531
11.881093,11.98908
11.809546,11.907552
11.908014,11.976161
12.531342,12.655437
11.476432,11.536759
11.272791,11.314909
11.224187,11.181275
11.088254,11.04447
10.79355,10.75455
10.726997,10.691587
11.108176,10.999541
10.899409,10.775316
10.529259,10.397269
10.3070545,10.158935
9.726317,9.851229
9.950958,10.156027
9.406782,9.532338
9.237171,9.326195
9.444138,9.409615
9.437234,9.428074
9.132263,9.117622
8.996082,8.965695
9.028542,8.87333
9.127829,9.021441
9.01831,8.907108
8.834899,8.716894
9.222351,9.22869
9.245267,9.244131
8.910257,8.908751
8.756579,8.738333
8.471459,8.442661
8.351775,8.323477
7.663073,7.5985374
7.738205,7.7031546
7.8028955,7.7758703
7.9446273,7.946601
7.771952,7.7701664
7.7898564,7.7886715
8.060341,7.994053
8.168909,8.073928
7.9431877,7.8450265
7.750862,7.6678934
7.833968,7.779023
7.9679666,7.951895
8.708986,8.823156
8.759805,8.906145
9.937728,9.978997
10.191515,10.222661
11.194968,11.217785
12.009513,12.032882
12.941856,13.040578
13.642963,13.752666
13.717224,13.7991905
13.247859,13.223237
16.588078,16.762163
16.857773,17.013142
14.753862,14.753711
15.172972,15.177243
15.114283,15.175478
16.597965,16.706257
14.325281,14.300859
15.251452,15.241073
16.382027,16.393612
16.689785,16.672049
17.631159,17.677912
14.775362,14.873004
14.351317,14.471358
13.822333,13.947341
14.087255,14.199746
13.993731,14.082991
19.88729,20.02595
17.416685,17.458551
16.51615,16.504427
16.70084,16.716896
18.06223,18.129927
18.928879,19.040344
16.317335,16.349476
16.57504,16.679262
15.748258,15.660193
14.92896,14.791366
15.394785,15.277422
14.818156,14.672294
15.251203,15.132343
15.089242,14.998989
14.135368,14.063633
13.858385,13.792417
13.372619,13.446033
12.7244425,12.80525
12.289872,12.417942
11.77851,11.92701
11.981472,12.167029
12.045099,12.239283
12.556438,12.786317
12.580847,12.8176565
11.810039,11.979193
11.723275,11.895175
10.746913,10.88689
10.853211,10.997834
11.519311,11.73095
12.04588,12.281422
11.247857,11.477402
12.300264,12.652067
11.020534,11.135762
9.9677925,9.976897
9.256897,9.215932
10.185569,10.254886
9.412561,9.389308
10.41165,10.516758
8.139047,8.051686
9.02455,9.031511
9.075683,9.378308
8.228759,8.397727
7.535024,7.6051826
7.248675,7.274985
7.3894305,7.30947
7.384964,7.302444
7.3981175,7.3296876
7.455499,7.3952546
7.6117415,7.4840302
7.6468353,7.5243015
8.029687,7.9694085
8.409662,8.40853
8.959968,9.070265
8.543878,8.595958
9.472313,9.694089
9.414107,9.634226
9.841927,10.20102
9.942551,10.337664
9.979767,10.411319
10.4928055,10.968309
8.929729,9.212678
9.7618475,10.172799
9.834833,10.322434
9.04675,9.426031
8.08473,8.314832
6.618079,6.658534
6.756304,6.81614
6.3026495,6.318095
6.763705,6.762277
6.6931505,6.6758966
7.4574924,7.5747504
6.9562497,7.0052376
8.57464,8.815677
8.155749,8.337502
8.657038,8.916756
8.861583,9.179785
8.583849,8.832108
8.511525,8.767788
9.444078,9.824094
9.150397,9.484209
9.619571,10.08347
9.01863,9.366669
9.4558935,9.883001
9.032021,9.392738
9.576921,9.832498
9.37692,9.599995
9.652959,9.895756
9.796211,10.035497
8.139459,8.106839
6.992916,6.8625884
8.8869505,8.934911
8.576076,8.584081
8.876007,8.903179
9.076363,9.149766
8.209945,8.165768
8.270188,8.21947
8.930395,8.862031
8.735361,8.618291
8.442746,8.327685
8.205938,8.101379
8.165259,7.9907994
8.722098,8.592987
8.332124,8.163622
8.8864975,8.739587
7.8596334,7.690006
7.3558455,7.151614
8.068997,7.9193416
8.819497,8.713552
8.505236,8.420808
9.182187,9.162655
8.634305,8.608844
9.068166,9.0872555
9.805418,9.928747
10.408007,10.593313
9.875042,10.059319
9.6165085,9.78916
7.4491434,7.444434
6.552059,6.494166
6.140104,6.050146
6.146913,6.060922
6.4377933,6.3224506
6.572049,6.4778275
7.094916,7.0512996
7.331646,7.3226666
6.9217563,6.8490767
6.843827,6.7518744
7.2913175,7.275711
8.292902,8.406782
7.469489,7.4322324
6.6572886,6.501316
6.9718738,6.862742
7.1368384,7.0561004
7.3674903,7.2958903
6.8761787,6.7252283
8.637422,8.724349
8.9482765,9.083464
7.991273,8.482237
8.002284,8.505276
7.117493,7.4578996
6.8801546,7.1719856
6.6763773,6.806874
6.5347877,6.6428056
6.6124907,6.749967
6.545599,6.6703086
6.5541186,6.596507
6.362813,6.3734736
6.951285,7.0686445
7.223026,7.3872538
8.653417,9.102564
8.408379,8.828747
8.468035,8.900396
9.081149,9.598101
6.3943677,6.6261926
7.0790205,7.403221
6.360509,6.599344
7.4372454,7.8148184
6.477551,6.6904206
7.7720113,8.1567955
6.3306146,6.5281167
5.912603,6.05947
5.3889103,5.420116
5.2026978,5.223545
6.044888,6.160874
6.3583465,6.5217338
5.719721,5.686751
5.510697,5.4479356
6.1913743,6.2266884
6.5563154,6.6307073
6.013764,6.0188594
6.9351416,7.0578303
6.1248517,6.115298
5.9315114,5.9062457
5.995048,6.1280117
5.961722,6.1504784
6.1936674,6.4369974
6.2143793,6.4746947
6.8342395,6.8460793
7.082595,7.0506682
7.405989,7.401596
8.216231,8.280723
8.536205,8.461681
8.871565,8.674762
9.2972,9.139729
9.39956,9.349747
10.973637,11.02993
10.50251,10.49146
11.073686,11.128729
11.014544,11.090906
12.677537,12.641829
11.851627,11.962317
13.458161,13.436696
11.90285,11.740349
13.144309,13.136763
10.7819395,10.697231
11.125381,11.119965
10.541467,10.509641
12.108513,12.07902
14.246815,14.330606
13.061126,13.054305
10.98479,10.986003
10.834286,10.862756
10.822095,10.857411
12.305037,12.529985
13.252114,13.635663
13.026732,13.490542
12.018566,12.313595
11.11525,11.3004265
9.223681,9.199399
7.9806204,7.783049
8.115401,7.953712
7.5829997,7.3929768
7.3271194,7.120312
7.1130514,6.869359
7.3838906,7.187351
7.2463627,7.0604544
6.9176393,6.7027345
6.8658195,6.630769
6.3258543,6.056048
6.1637096,5.8928285
6.096329,5.826381
6.0535946,5.803636
6.0936127,5.838896
6.167616,5.926253
5.958187,5.7032714
5.5443735,5.6335053
5.355589,5.426638
5.3403864,5.42041
5.2264023,5.3020587
5.3290644,5.307035
5.3067126,5.2796817
5.2681513,5.2457104
5.1806393,5.156227
5.31038,5.237631
5.4377766,5.393433
5.85051,5.8758473
5.6528106,5.66131
5.234804,5.255956
5.064977,5.0688434
4.659841,4.598333
5.4619627,5.5028625
5.4572015,5.63713
5.7051845,5.9209805
5.686304,5.902642
5.318292,5.489201
4.806283,4.9409533
4.7833343,4.9212017
4.9153075,5.062136
4.664181,4.780287
4.858053,4.842137
4.796559,4.761162
4.8763356,4.854583
5.00619,5.1077085
5.269454,5.365018
5.5475874,5.722897
5.868998,6.1248465
6.074695,6.4436245
6.599096,6.944017
6.9527655,7.2259293
7.578321,7.808016
8.219301,8.370645
8.927061,9.046968
9.271194,9.41788
10.278759,10.480452
11.417561,11.631987
11.837582,12.019545
11.673179,11.814847
12.488694,12.702563
12.633521,12.817986
12.895394,13.095591
13.946119,14.174021
14.0586815,14.252863
14.900801,15.033956
16.8683,17.09322
14.055136,14.296834
13.57361,13.80407
15.239252,15.341042
14.39237,14.398802
14.065334,14.236493
14.071324,14.234644
13.925037,14.097721
13.360625,13.491943
14.665091,14.797355
14.241257,14.348474
16.13624,16.334393
16.216282,16.313778
15.310275,15.3714075
15.841455,15.911869
14.780092,14.79801
15.396686,15.36727
14.461615,14.382066
14.376463,14.280196
14.937355,14.905908
14.566493,14.581037
14.523055,14.535172
14.429372,14.483823
14.839303,14.835845
15.35942,15.383162
14.48229,14.504449
14.010834,14.053972
13.624871,13.658421
14.6459675,14.784223
13.819047,14.023367
13.808255,14.028525
13.284372,13.521027
13.400779,13.647654
13.132402,13.362684
12.771935,12.975201
11.666732,11.839351
12.403238,12.633005
11.456355,11.624007
11.063602,11.198132
10.507089,10.600813
10.618135,10.607973
10.676835,10.679759
10.749511,10.759939
10.415648,10.414292
10.324911,10.25803
9.494147,9.3602915
9.130178,8.973392
9.004738,8.84568
8.76883,8.813624
8.246719,8.226216
8.016952,7.970407
7.814046,7.766411
7.759978,7.5816264
7.571504,7.4649725
7.344979,7.2296367
7.111179,6.9625154
6.974991,6.7277846
6.8579698,6.6239424
6.7425365,6.5041623
6.5869684,6.3657064
6.489509,6.2967
6.561692,6.3870497
6.5429397,6.363811
6.7316117,6.598155
6.722198,6.658085
6.9762864,6.979673
6.9751973,6.9889183
5.9175315,5.8824005
5.813129,5.7629085
5.429915,5.358292
5.2786536,5.200487
5.4506764,5.389042
5.601963,5.4521737
6.3935094,6.351366
6.242643,6.17041
6.417135,6.4373236
6.699214,6.680891
7.960663,8.160484
7.944646,8.1603565
8.744266,9.021729
9.5714655,9.768908
10.261159,10.396114
10.632056,10.727366
12.460275,12.600522
13.425936,13.589682
13.640828,13.791092
14.492461,14.638902
16.827131,17.089056
17.588768,17.916206
13.429423,13.455979
13.443045,13.578782
15.516958,15.56816
13.837782,13.922698
15.336522,15.369632
15.952085,16.010025
16.741177,16.889608
17.768642,18.05822
14.58587,14.862046
14.90539,15.1537485
14.521612,14.690024
16.364542,16.5651
16.780182,16.926037
19.69515,19.910727
18.508194,18.622095
19.74906,19.977783
20.205135,20.48255
21.333012,21.605465
17.879206,18.017744
16.418585,16.47238
17.512693,17.579119
19.621109,19.831522
15.58534,15.69488
15.720866,15.696312
15.636249,15.612176
16.260723,16.259022
14.267335,14.154883
13.64224,13.532196
13.247206,13.158034
12.894085,12.819448
13.170681,13.126175
12.461251,12.530674
11.901339,12.016686
11.722807,11.855377
11.5213175,11.6491995
11.608918,11.757037
11.280703,11.439648
11.19718,11.357889
11.0116205,11.167208
11.006444,11.150995
10.994357,11.132478
10.913977,11.054055
10.634718,10.779427
10.682121,10.778928
10.459147,10.560771
10.411837,10.522201
10.283288,10.382234
10.355647,10.322906
10.232693,10.198979
10.055679,10.012574
10.003222,9.958607
10.058802,9.942662
10.010401,9.9037695
10.073897,9.958734
9.949695,9.848332
9.611765,9.755053
9.817666,9.999996
9.59226,9.7602415
9.316551,9.4714
9.367464,9.323048
9.33791,9.29859
9.189267,9.135205
9.3805895,9.370575
9.300257,9.196978
9.463592,9.3993025
9.093455,8.978597
9.344032,9.286606
10.192915,10.256107
10.313079,10.398731
9.8969,9.929089
9.457609,9.443777
9.259879,9.197785
9.432415,9.405621
8.816545,8.709672
9.452687,9.44186
9.934372,10.011609
10.538131,10.719794
10.363079,10.525728
9.270226,9.266335
9.263507,9.206902
9.588582,9.587275
9.20363,9.157294
9.116366,9.076283
8.934496,8.771558
9.577404,9.497486
9.755403,9.691642
9.788909,9.742622
10.235257,10.2124195
9.379547,9.26678
9.430566,9.306342
9.289746,9.1723995
9.305905,9.212721
9.385076,9.317183
9.2334795,9.160396
9.588759,9.561385
9.689821,9.672321
9.511877,9.503896
10.303951,10.408594
10.277159,10.368383
10.878939,11.035683
10.162034,10.271848
10.47101,10.601473
9.800407,9.8662405
10.571402,10.699368
10.3031645,10.38512
10.707757,10.818548
10.250098,10.321438
9.8150625,9.7992115
10.160795,10.174068
9.985392,9.979591
10.29031,10.308236
10.6311655,10.593587
10.639594,10.602921
10.415223,10.352825
10.558236,10.507039
10.40306,10.288735
10.508944,10.3993845
10.346258,10.228877
10.062125,9.902461
10.139713,9.978285
9.924926,9.750614
9.80304,9.615653
10.01007,9.845747
9.615035,9.458372
9.855514,9.699686
9.560282,9.379415
9.437659,9.260144
9.42814,9.322437
9.168092,9.035262
9.083959,8.939423
9.022385,8.8750515
8.861641,8.753815
8.770097,8.654941
8.776041,8.661433
8.730604,8.611411
8.8099,8.754427
8.42268,8.330564
8.343869,8.243794
8.415456,8.321438
8.337194,8.211537
8.277397,8.149178
8.406637,8.303752
8.23779,8.108958
8.230477,8.108401
8.272013,8.17083
8.207792,8.080506
8.21439,8.098699
8.093185,8.016879
8.141166,8.072132
8.140572,8.067868
8.16422,8.096824
7.910385,8.016676
7.9786553,8.090136
8.006012,8.120463
8.076142,8.199335
8.235363,8.222863
8.343299,8.344623
8.263535,8.256741
8.22143,8.207979
8.243733,8.162339
8.302168,8.224684
8.350336,8.278706
8.292335,8.215
8.245098,8.178814
8.194175,8.13207
8.169343,8.1029625
8.171284,8.10237
8.213839,8.15113
8.273065,8.211282
8.301854,8.237439
8.43662,8.388064
8.32654,8.275265
8.501229,8.471958
8.437652,8.39947
8.345008,8.2931185
8.351881,8.280188
8.363908,8.318522
8.384767,8.349185
8.359886,8.315768
8.5338335,8.402689
8.829757,8.732931
8.913249,8.810889
9.403236,9.344737
9.408305,9.323591
9.73863,9.73179
9.962107,9.972634
10.022527,10.036054
9.941451,9.96727
10.1789665,10.181929
9.950727,9.8856125
9.771542,9.676068
10.020994,10.07385
9.8288,9.874715
9.859335,9.916303
9.782926,9.830481
9.989681,10.047412
10.043827,10.097557
10.049927,10.099679
9.987141,10.018403
10.002142,10.027056
10.116054,10.140953
10.132919,10.166266
10.113162,10.125359
10.035789,10.037033
10.247142,10.258961
10.221408,10.245739
9.819558,9.791231
10.019706,9.919601
10.0632925,9.963986
10.171223,10.0824995
10.595982,10.543334
10.838634,10.762748
10.626783,10.51773
10.512706,10.391756
10.13005,9.95849
9.932455,9.743878
10.085752,9.919358
10.20983,10.055443
9.986523,9.808716
10.011346,9.860734
9.962328,9.805131
9.925352,9.76414
9.982046,9.827095
9.857999,9.792976
9.853262,9.787611
9.735802,9.653856
9.602253,9.512294
9.534646,9.491045
9.435888,9.381862
9.473091,9.419849
9.401342,9.344589
9.387424,9.368174
9.384453,9.364903
9.4056835,9.387445
9.369492,9.349124
9.269459,9.335109
9.306221,9.3950815
9.348171,9.425396
9.140969,9.188378
9.095649,9.119089
9.104323,9.141715
9.118663,9.159461
8.998535,9.011424
9.003955,8.97588
9.035429,9.018048
8.961672,8.943823
8.887144,8.869379
8.69647,8.858993
8.594586,8.748271
8.588799,8.745896
8.52726,8.6756525
8.728367,8.741549
8.52564,8.521192
8.428258,8.41907
8.336493,8.324221
8.627379,8.580925
8.27338,8.185473
8.365678,8.296477
8.360033,8.288911
8.356328,8.30254
8.372515,8.321492
8.363431,8.31164
8.420992,8.377179
8.454776,8.405145
8.513407,8.473385
8.524871,8.481955
8.568715,8.528052
8.493867,8.459544
8.495001,8.462254
8.485704,8.451532
8.472618,8.436837
8.450686,8.39828
8.460315,8.412887
8.497309,8.457421
8.607809,8.574443
8.736019,8.622516
8.6633835,8.536523
8.617593,8.482588
8.70144,8.57699
8.824141,8.6923685
8.861607,8.715437
8.982764,8.858003
9.128985,9.000075
9.221609,9.106214
9.261592,9.13908
9.243334,9.107588
9.451884,9.344907
9.428317,9.417281
9.61651,9.660427
9.649279,9.703386
9.984165,9.995747
9.984438,10.0118
10.111286,10.143507
9.963531,9.983562
9.963688,9.975323
10.105953,10.152075
10.039038,10.068281
10.015072,10.033223
9.858212,9.868243
10.072546,10.092914
10.540833,10.606759
10.587524,10.655973
10.239408,10.266241
10.249534,10.171241
10.203994,10.119378
10.275794,10.199418
10.405991,10.338401
10.488075,10.36336
10.583838,10.473362
10.726966,10.6349325
11.756902,11.768228
12.034803,12.035895
11.994892,12.023928
11.859851,11.884025
11.797759,11.801202
11.720871,11.758928
11.938488,11.994427
11.909907,11.965679
11.440828,11.432809
11.132433,11.193158
11.039382,11.094863
10.995912,11.048365
10.800008,10.8336735
10.661422,10.734878
10.614566,10.682349
10.557759,10.621573
10.519318,10.578033
10.388822,10.480954
10.324955,10.407665
10.263641,10.338065
10.123221,10.183118
9.896928,10.070049
9.917395,10.093151
9.932757,10.079352
9.830244,9.987232
9.865141,9.92702
9.815416,9.885504
9.787937,9.871715
9.704737,9.758372
9.752428,9.717698
9.782536,9.766343
9.781768,9.758722
9.751403,9.733628
9.472157,9.6879635
9.370185,9.577646
9.395242,9.61253
9.355861,9.571268
9.565403,9.611371
9.390244,9.405327
9.30375,9.310848
9.211471,9.214068
9.290677,9.23262
9.155956,9.095217
9.100523,9.033858
9.025611,8.963586
8.921522,8.860857
8.839955,8.784875
8.811129,8.7608795
8.763153,8.717155
8.762593,8.698879
8.666034,8.604249
8.667138,8.606283
8.822016,8.7720175
8.865373,8.836546
8.88804,8.856075
8.897841,8.87284
8.959085,8.929639
8.994033,8.947267
9.377077,9.35958
9.469505,9.451345
10.031723,10.074304
10.349937,10.284946
10.640749,10.614425
10.948408,10.971782
11.396096,11.477997
11.717091,11.763686
12.2666645,12.286309
12.659603,12.749071
13.775913,13.77981
15.21143,15.340645
13.728113,13.737174
13.523694,13.512864
15.41798,15.475298
17.500149,17.64235
16.066114,16.211325
15.323462,15.4644
16.349745,16.502052
17.967321,18.054445
16.4183,16.57807
18.035093,18.116085
17.0909,17.189423
15.782448,15.917794
17.0771,17.10841
18.407085,18.367949
19.19686,19.180962
17.749102,17.750618
20.38247,20.50161
23.496069,23.659426
22.073366,22.192644
22.19224,22.307444
21.564684,21.64695
24.112925,24.286997
21.78592,21.975624
21.985577,22.100693
19.984442,20.018461
18.619925,18.572657
18.664232,18.636955
18.31049,18.234201
18.37938,18.31704
18.213795,18.126005
17.682014,17.55431
17.86281,17.634623
16.763416,16.526484
16.686508,16.441145
16.671583,16.430489
16.585323,16.442177
16.293318,16.157661
16.095394,15.955815
15.89915,15.76267
15.755021,15.719529
15.629547,15.602052
15.599097,15.578051
15.311341,15.29263
15.139251,15.147053
14.70808,14.736244
14.561132,14.592149
14.521144,14.558461
14.487874,14.513483
14.434685,14.465096
14.475678,14.506651
14.350002,14.378659
14.292279,14.296906
14.030994,14.02463
13.97136,13.96693
13.928978,13.924738
13.994778,13.890211
13.833674,13.727919
13.775442,13.679836
13.826373,13.731003
13.734176,13.705509
13.675691,13.691627
13.659169,13.688388
13.582684,13.577163
13.467375,13.545158
13.23311,13.294769
13.143285,13.213742
12.971626,13.047429
12.984531,13.05724
12.911893,12.980428
12.807847,12.857074
12.90718,12.985696
12.993439,12.99506
13.01316,13.024149
12.950442,12.955383
12.69969,12.664588
12.699865,12.678819
12.552614,12.526312
12.509998,12.470442
12.444824,12.393337
12.45442,12.415828
12.415839,12.38868
12.365189,12.335929
12.252697,12.224598
12.21605,12.132876
12.236795,12.177962
12.357286,12.32165
12.531416,12.5439825
12.5862055,12.494023
12.778923,12.718333
12.771175,12.711218
12.976959,12.935573
13.199493,13.089699
13.263599,13.205528
13.488417,13.453062
13.947458,13.913255
14.068597,14.051682
15.982296,16.023617
16.151756,16.19232
16.033693,16.095484
15.825714,15.919893
19.78067,19.693401
20.239237,20.159035
20.595276,20.465128
20.142025,20.140926
20.426031,20.382051
21.806835,21.816671
22.354204,22.364294
22.221443,22.399696
20.202944,20.27663
19.870996,19.92654
21.568502,21.685328
20.771627,20.867624
21.698929,21.904922
21.270645,21.466318
20.849075,20.9874
20.418991,20.52963
20.9121,21.04555
21.656706,21.798613
20.603907,20.715645
21.335129,21.397026
20.108412,20.130526
19.776953,19.788507
19.718668,19.717272
19.481863,19.414228
19.375095,19.315357
16.928967,16.923384
16.564232,16.529902
16.410723,16.552788
16.409971,16.59814
16.301516,16.473663
16.23068,16.389414
16.133083,16.469072
16.00083,16.335922
15.811817,16.115736
15.877058,16.214872
15.900308,16.260563
15.543767,15.848192
15.445328,15.733216
15.399491,15.704982
15.394795,15.673536
15.356925,15.642481
15.4539995,15.756028
15.06225,15.320761
14.949833,15.213686
14.803498,15.053857
14.622252,14.849726
14.625738,14.86466
14.565058,14.796789
14.328721,14.544906
14.457946,14.720628
14.735866,15.040306
14.845015,15.196059
15.242613,15.603822
15.340771,15.727263
15.720231,16.012384
16.0364,16.139973
16.504152,16.607666
16.741056,16.825783
17.065619,17.23743
17.334604,17.314953
18.17332,18.159386
18.445402,18.432907
19.807,19.727533
20.344538,20.121023
20.24648,19.98689
20.000109,19.726612
22.134373,21.834143
21.455011,21.238781
23.608479,23.539858
23.52363,23.336369
21.724586,21.721348
22.161123,22.126299
21.369001,21.239012
21.43402,21.355616
23.67964,23.547194
23.733168,23.909101
22.95204,22.98606
22.537842,22.369074
23.908215,24.011856
23.656864,24.00102
22.785862,23.048796
21.386614,21.520897
21.211678,21.277346
21.046122,21.273207
22.583956,22.58767
23.228577,23.31497
24.652748,25.095171
24.146206,24.549332
22.811068,23.162157
22.350067,22.675426
22.422724,22.657879
23.553381,23.670721
22.330135,22.493156
21.827951,21.943882
22.222576,22.401257
22.038076,22.040672
22.060314,22.023903
22.175291,22.204071
22.149931,22.17703
22.599628,22.430073
22.116259,21.997707
21.79506,21.67362
21.45986,21.34945
21.303679,21.237333
21.001324,20.934547
20.93668,20.866148
20.595444,20.50862
20.442034,20.40848
20.040827,19.995543
20.027855,19.993883
19.538597,19.485876
19.426023,19.420727
19.181616,19.179146
19.07059,19.072163
18.760002,18.760523
18.591476,18.658386
18.213865,18.282911
18.15494,18.217424
17.911686,17.980986
17.978977,18.007248
17.7822,17.797543
17.691952,17.707794
17.545946,17.551756
17.433468,17.498327
17.301968,17.363998
17.209513,17.253813
16.885935,16.857018
16.850956,17.037373
16.290663,16.411629
16.231892,16.346815
16.219862,16.33615
16.286499,16.398619
16.057089,16.14423
16.073914,16.16603
15.925575,16.014524
15.950523,16.132591
15.891076,16.07187
15.718804,15.86958
15.483878,15.587671
15.584838,15.728444
15.544419,15.688615
15.62065,15.783739
15.781463,15.992729
15.562618,15.8637705
15.587697,15.941737
15.550513,15.904618
15.765852,16.170862
15.799792,16.139734
16.314396,16.760035
16.426918,16.864717
16.893837,17.323946
16.900066,17.074886
18.036808,18.320276
18.025028,18.381073
18.501974,18.807388
18.908825,19.018631
19.44845,19.613222
19.70034,19.82529
21.629107,21.34502
22.417635,22.085941
23.138317,22.791845
23.831884,23.512772
25.585835,25.384024
25.54946,25.516922
24.473747,24.290228
25.402323,25.299809
24.608265,24.335405
23.987211,23.799385
25.967989,26.017986
26.24585,26.383953
25.524092,25.53279
26.717897,26.720198
27.25673,27.320812
28.348867,28.51967
27.071882,27.315826
27.161695,27.308695
26.257763,26.715008
25.947031,26.515806
25.921087,26.181494
26.182604,26.428211
24.931904,25.45578
24.454798,24.95607
23.599197,23.89863
23.448738,23.69892
24.779474,24.981226
24.744534,24.960203
25.605965,25.827402
25.978886,26.06814
24.198122,24.519089
23.792393,24.08178
22.834946,22.966105
23.105888,23.11444
22.9016,22.913946
22.780895,22.75084
22.73409,22.668932
22.6704,22.51049
22.307999,22.125357
22.326561,22.155159
22.023691,21.858032
21.90564,21.781246
21.693876,21.561636
21.598303,21.470694
21.34816,21.216679
21.13458,21.073164
20.837803,20.779993
20.788067,20.736498
20.55811,20.499483
20.489462,20.448965
20.29475,20.2422
20.270014,20.22082
20.155313,20.120085
20.089571,20.1121
19.978678,19.99379
19.901077,19.911278
19.45992,19.465666
19.300247,19.331984
19.091845,19.106934
18.982914,19.001421
18.800505,18.804361
18.624376,18.794138
18.636732,18.884281
18.530317,18.73677
18.412617,18.581799
18.24193,18.529833
18.121893,18.403975
18.118553,18.406033
17.985983,18.262959
17.888811,18.152584
17.594755,17.834614
17.541075,17.776117
17.459358,17.714283
17.368168,17.69973
17.242556,17.572824
17.249702,17.591248
17.201992,17.541475
17.12647,17.527994
17.009302,17.390862
17.032076,17.420628
16.98056,17.36782
16.815569,17.346663
16.803072,17.3407
16.92032,17.473965
17.250252,17.84141
17.377445,17.94606
17.653938,18.264795
17.642448,18.250366
18.333508,18.86708
18.859295,19.1552
19.679436,19.881973
19.963823,20.125946
20.810974,20.964878
20.835957,20.721296
21.837866,21.80024
22.16312,21.901106
22.577852,22.432432
22.96631,22.636604
23.584805,23.178864
23.999949,23.543276
25.252789,24.834572
25.334602,25.120441
25.971416,25.754148
26.33722,26.139254
26.317991,26.15236
26.404299,26.40296
27.099905,27.155859
27.727034,27.724915
28.30613,28.309864
27.800549,27.935514
26.245134,26.316525
26.3531,26.44447
25.923986,25.950758
26.19659,26.459433
25.893726,26.116776
26.082972,26.316273
25.894218,26.207151
25.259796,25.549776
25.412066,25.765728
25.213987,25.57959
25.035318,25.453075
25.101122,25.477507
24.35442,24.502102
24.393543,24.55787
24.469713,24.690489
24.74068,24.852398
24.371645,24.569082
24.303041,24.488247
24.26759,24.49203
24.29154,24.285982
24.127378,24.104342
23.999271,23.966871
23.496254,23.578611
23.509254,23.380913
23.226227,23.163681
23.117813,23.051296
22.928226,22.830868
22.87177,22.735842
22.582941,22.443943
22.538961,22.394478
22.270254,22.12851
22.020744,21.93807
21.633698,21.543793
21.478218,21.387644
21.185064,21.096277
21.17684,21.09427
21.264235,21.196043
21.138336,21.082539
20.8349,20.791779
20.735205,20.7632
20.632614,20.653082
20.651117,20.656025
20.60027,20.591799
20.449184,20.526909
20.29972,20.383474
20.214634,20.298672
19.752153,19.809488
19.51341,19.750996
19.271236,19.49027
19.198435,19.398617
18.960703,19.160767
18.800726,19.135653
18.468338,18.743448
18.402342,18.666233
18.218924,18.501078
18.226923,18.522865
17.852388,18.086239
17.792753,18.028906
17.643997,17.876179
17.463125,17.760004
17.33612,17.639608
17.27063,17.578236
17.172234,17.470972
17.061853,17.447325
16.991468,17.368454
17.025475,17.414255
17.054424,17.452518
16.9438,17.483501
17.136198,17.718273
17.260824,17.855885
17.28186,17.850266
17.33147,17.879784
17.67443,18.185366
17.674768,18.170755
18.45452,18.806805
18.792768,18.929502
19.35614,19.372961
19.455381,19.501902
20.283737,20.334913
20.444357,20.343323
21.25104,21.043903
21.528637,21.297037
22.332123,22.022457
22.717016,22.346842
24.437784,23.976643
23.492733,22.996197
25.729002,25.238134
24.26308,23.714403
25.596777,25.131193
26.431883,26.0985
25.863522,25.398388
26.61159,26.474667
25.796616,25.57368
25.069225,24.754713
25.190695,24.886406
24.964777,24.861942
26.20422,26.211306
26.029953,26.013948
27.661196,27.689322
27.032778,27.111885
27.088049,27.525835
25.270702,25.515604
25.767113,26.23324
24.494017,25.087805
24.590109,24.895174
24.248867,24.49255
24.445738,24.526659
25.1929,25.078995
24.895105,25.161495
24.29253,24.455154
24.525654,24.817072
24.065344,24.179544
23.622871,23.854519
23.662046,23.939278
23.421299,23.703455
23.47489,23.600882
23.570242,23.580439
23.658358,23.632256
24.119457,23.926653
24.146553,23.850557
23.832184,23.55654
23.699743,23.555702
23.188114,23.103346
23.094488,23.00847
22.662746,22.543959
22.585188,22.432766
22.369917,22.228298
22.340752,22.235292
22.15007,22.07352
22.016632,21.946907
21.833067,21.769478
21.797853,21.74115
21.563282,21.51196
21.496145,21.44076
21.420544,21.36565
21.297888,21.31192
21.16694,21.170898
20.982431,20.982128
20.496248,20.511765
20.325445,20.448982
20.128803,20.21538
20.137981,20.227922
19.994482,20.080364
19.714144,20.026995
19.518654,19.825834
19.499355,19.803997
19.611046,19.991386
19.589962,20.010668
19.488897,19.90253
19.437668,19.847588
19.045153,19.39613
18.87844,19.189806
18.960352,19.326933
18.939396,19.311216
18.754194,19.107239
18.714888,19.132307
18.562279,18.96196
18.519287,18.909243
18.375284,18.765121
18.089582,18.585823
17.948145,18.436111
17.946245,18.438414
18.034937,18.543577
17.857323,18.46108
17.703821,18.291203
17.737522,18.332443
17.888494,18.505447
17.955832,18.552868
18.008574,18.613405
18.035152,18.639275
18.089209,18.699808
18.156765,18.704906
18.096827,18.649847
17.969324,18.506184
17.592873,18.08092
17.606909,17.864515
17.736164,17.987394
17.608906,17.859602
17.621357,17.871141
17.983366,18.065798
17.647903,17.723982
17.625301,17.715298
17.307299,17.368744
17.376497,17.34086
16.967762,16.902964
16.87559,16.800419
17.647802,17.582691
18.153664,18.018412
19.17878,18.99672
19.829676,19.612495
19.810165,19.628881
19.34328,19.158857
20.491035,20.330383
21.137718,21.020958
23.266111,23.216722
23.680937,23.736782
21.89314,21.9562
21.550117,21.577644
21.042677,21.021606
21.269114,21.388515
20.539984,20.599726
20.206696,20.2552
20.931328,21.021786
20.707165,20.7463
20.904894,20.98987
20.621925,20.71185
21.008423,21.119251
21.260475,21.277437
21.06048,21.04395
21.060242,21.028244
20.73154,20.71227
20.558615,20.358984
20.996035,20.801163
20.95984,20.763294
20.955193,20.765965
21.1164,20.852743
21.394766,21.17028
21.242674,21.037384
21.171623,20.98055
20.965223,20.797064
20.44168,20.28868
20.464985,20.311268
20.11314,19.972088
19.935675,19.830088
19.69168,19.595873
19.65012,19.559134
19.50398,19.415985
19.332895,19.278776
19.385862,19.340097
19.371096,19.321718
19.3307,19.286608
19.096409,19.118505
18.950346,18.975866
18.797491,18.822649
18.67191,18.707747
18.733953,18.750452
18.703062,18.710215
18.643248,18.643019
18.223959,18.189785
18.084417,18.205221
18.22323,18.410263
18.313477,18.522663
18.1805,18.399996
17.901363,18.18352
17.689842,17.935574
17.552109,17.7745
17.529808,17.779621
17.484507,17.740604
17.297363,17.537073
17.226479,17.463783
17.102037,17.346817
17.005116,17.329815
17.086771,17.423822
17.03352,17.355185
17.398825,17.813322
16.9796,17.383028
16.958153,17.352297
16.896933,17.28354
16.853138,17.241226
16.83231,17.309385
16.40556,16.82803
16.200972,16.602715
16.400532,16.836796
16.650417,17.13101
16.304533,16.71832
16.21744,16.616268
16.337353,16.754301
16.262625,16.597904
16.212343,16.528696
16.39698,16.730267
17.125622,17.572882
17.72793,17.91645
17.731089,17.90169
17.639057,17.820652
18.675585,18.825861
18.830664,18.934183
18.88559,18.919659
19.144537,19.195696
18.649826,18.670551
18.49931,18.46698
18.705362,18.642807
19.187761,19.064392
19.317053,19.254787
19.15747,19.041199
19.132998,19.012075
18.941168,18.8095
20.325356,20.058298
20.44688,20.274803
21.602535,21.483885
20.60236,20.422493
20.70784,20.541037
21.016045,21.0485
21.219296,21.254456
20.902594,20.91147
21.893671,21.982584
21.591076,21.771328
22.24229,22.444572
21.754616,21.925026
19.893427,19.9146
19.848848,19.896662
19.451519,19.475357
19.00563,19.009586
18.84145,18.8734
19.00705,18.999361
18.010927,17.94353
17.84787,17.788206
18.005678,17.95487
17.787432,17.632215
17.691408,17.522114
17.894041,17.73284
17.995823,17.842289
17.791372,17.67477
17.69852,17.598618
17.565548,17.498522
17.873888,17.835825
17.898815,17.889385
17.829401,17.775063
17.670353,17.609385
17.674793,17.621977
17.50111,17.475899
17.16227,17.140343
17.082876,17.055109
17.086517,17.067183
16.974024,17.013868
16.796541,16.844875
16.756422,16.809881
16.346985,16.404062
16.285297,16.324312
16.21511,16.242672
16.163124,16.178282
16.141613,16.160309
16.138128,16.088976
15.692588,15.597455
15.674241,15.586285
15.210542,15.140592
15.107011,14.965416
15.125378,14.914872
15.0713,14.856918
15.304057,15.153151
15.085838,15.107519
14.927989,14.93979
14.914693,14.930897
14.377686,14.343458
14.639888,14.669013
14.411072,14.417726
14.473032,14.495592
14.065064,14.039091
14.062787,14.001391
13.961113,13.907577
13.864801,13.798403
13.728758,13.640009
13.745926,13.703093
13.6702,13.622856
13.63185,13.577228
13.807142,13.798664
13.7990675,13.788647
14.075301,14.142606
14.159579,14.25609
14.248712,14.389972
14.278789,14.397948
14.194083,14.239626
14.284464,14.313535
14.798273,14.900164
15.261084,15.204311
15.70098,15.640471
15.858133,15.846518
16.206951,16.324554
16.387394,16.294651
17.06462,16.94763
17.206892,17.08026
17.713417,17.541832
17.517262,17.33407
18.34414,18.101748
18.45795,18.203934
19.440323,19.133127
20.193083,19.861876
21.013514,20.673368
21.469452,21.141539
21.888737,21.539562
22.25506,22.052015
22.047455,21.843697
22.512337,22.253397
22.332605,22.15125
22.291985,22.234339
23.03731,23.036865
22.31119,22.24862
23.226944,23.225613
22.934608,23.186474
23.111353,23.367453
23.367678,23.664698
23.131372,23.380926
23.919125,24.235
24.092052,24.345747
24.364618,24.690039
23.96173,24.298506
24.944267,25.366163
24.54333,24.82031
24.771877,25.050194
22.954178,23.228004
22.799116,22.912157
22.76326,22.862778
22.55049,22.63409
21.99738,22.025536
22.208038,22.009504
22.505512,22.316788
22.987322,22.837576
21.857573,21.698368
21.637215,21.421474
21.347858,21.131227
21.422777,21.23849
21.414572,21.250837
21.345053,21.079363
21.446402,21.280357
22.099403,21.986012
22.217825,22.148174
21.742474,21.737097
20.012026,19.913324
20.106758,20.012394
20.805552,20.755371
20.872223,20.897638
20.424374,20.487913
20.308357,20.389292
20.831608,20.947607
20.688965,20.929646
20.009298,20.22651
19.769972,19.992052
18.996754,19.262047
19.081285,19.307138
17.78964,17.867155
17.383282,17.434961
16.943413,16.960041
16.464216,16.63632
16.594929,16.76445
16.519575,16.659145
15.926319,15.879836
15.80698,15.879538
15.600453,15.636687
15.389719,15.393543
15.44824,15.470431
15.334145,15.349091
15.266332,15.288316
15.3950205,15.433383
15.466505,15.505768
15.332023,15.464929
15.121496,15.221538
14.963956,15.031952
14.730489,14.762596
14.704264,14.728543
14.713081,14.751283
14.699226,14.741715
14.960529,15.049535
14.901514,15.047898
15.809593,16.09769
16.137072,16.463821
15.887979,16.191626
15.907959,16.235031
15.606952,15.886311
15.668014,15.94717
16.076242,16.4357
16.133429,16.460072
15.257064,15.445784
15.180674,15.359473
14.776554,14.8964615
14.787087,14.804963
15.528247,15.660862
15.936039,16.0804
15.709279,15.807596
14.971685,14.816643
14.735663,14.579768
14.958378,14.801618
14.427293,14.254773
14.305834,14.117733
14.735668,14.559994
14.599605,14.425852
15.149621,14.979829
15.220225,15.181029
15.135975,15.107578
15.68,15.664483
15.225309,15.176846
15.279374,15.311033
15.54077,15.565854
15.517326,15.545115
16.460106,16.482046
16.661074,16.75191
16.535807,16.563435
16.711838,16.743511
16.834497,16.855013
16.860601,16.910278
15.875313,15.900277
15.741659,15.761638
16.17062,16.2116
16.165844,16.173664
15.669175,15.687491
15.66161,15.687168
15.794602,15.844681
15.860001,15.742484
15.865174,15.748674
15.790599,15.67028
15.720589,15.5897255
15.574279,15.429032
14.863039,14.751077
14.921085,14.818297
14.722016,14.624174
14.613501,14.597274
14.687568,14.691331
14.66022,14.665986
14.595647,14.595758
14.5102,14.566122
14.435491,14.499325
14.333909,14.395827
14.338681,14.406819
14.297343,14.387502
14.242602,14.332523
14.269853,14.359422
14.404922,14.499339
14.581973,14.569032
14.431094,14.412478
14.419549,14.397547
14.329013,14.301693
14.261271,14.165878
14.096558,14.002315
14.108768,13.999
14.072193,13.973896
14.056199,13.986947
13.816589,13.749028
13.902578,13.82855
14.172647,14.121775
14.114059,14.124776
14.1875515,14.198007
14.229651,14.2520275
14.212075,14.213936
14.089098,14.22824
14.075874,14.213793
14.069943,14.207821
13.864559,13.995933
13.85237,13.981245
13.696733,13.813989
13.69386,13.81164
13.916702,14.0611515
13.965257,14.064891
13.953003,14.0527725
13.942229,14.039114
14.007408,14.116173
14.001948,14.119868
13.992137,14.106849
13.887087,13.985932
13.811648,13.907507
13.791837,13.905477
13.933166,14.07436
13.89325,14.024778
14.079871,14.248173
14.175344,14.36521
14.482652,14.725538
14.533428,14.780566
14.708325,14.979548
14.650268,14.814681
14.8035755,14.983987
15.01872,15.225685
15.144144,15.369666
15.436831,15.596612
15.245504,15.356524
15.003121,15.080825
15.021421,15.093253
15.026638,14.910263
14.937722,14.8158045
15.086997,14.950726
15.281614,15.174165
15.283457,15.2203455
15.402119,15.330596
15.27849,15.216803
15.586667,15.5365
15.354392,15.386183
16.320318,16.422388
16.573097,16.656569
16.246937,16.30964
16.18281,16.278866
16.271034,16.337973
16.486208,16.506517
17.285007,17.261166
16.925919,16.95035
16.704124,16.679295
16.639582,16.614918
16.478254,16.435661
16.58708,16.554354
16.113026,16.07573
16.077957,16.039951
16.168093,16.143066
16.220106,16.171955
16.354504,16.294756
16.20275,16.140575
16.473429,16.42768
16.402012,16.315126
16.119352,15.998145
15.7561035,15.60422
15.744478,15.59939
15.751631,15.638832
15.931455,15.827407
16.015472,15.910145
16.326418,16.234856
16.395401,16.405746
16.734789,16.743446
16.727587,16.725893
16.796299,16.782394
16.758247,16.783422
16.786886,16.796642
16.712912,16.724028
16.552616,16.559032
16.788311,16.813736
16.426018,16.451376
16.442888,16.468346
16.169096,16.198734
15.899506,15.961075
15.851167,15.909695
15.786919,15.842199
15.639864,15.683887
15.721773,15.690781
15.620681,15.590406
15.59216,15.570861
15.443715,15.422748
15.453209,15.366646
15.140068,15.087358
15.120143,15.074465
15.019512,14.957588
14.92398,14.917778
14.998247,15.005643
14.93238,14.940439
15.005422,15.007858
14.8796625,15.035105
14.753695,14.909961
14.746575,14.8957405
14.910226,15.070994
14.994966,15.2053175
14.833842,15.0285635
14.831612,15.034155
14.642669,14.833087
14.495486,14.649684
14.416576,14.550224
14.472096,14.609614
14.392347,14.525023
14.350471,14.478046
14.371379,14.504616
14.370626,14.504951
14.202714,14.3183775
14.180178,14.313083
14.189535,14.331712
14.209881,14.357983
14.317719,14.487125
14.333371,14.521251
14.680536,14.900698
14.676173,14.890465
14.416411,14.602483
14.415244,14.570415
14.6968565,14.880348
14.93788,15.154061
15.364531,15.63326
15.983654,16.036367
16.87575,16.97036
16.806812,16.94855
16.773376,16.9433
16.902903,16.892052
16.823492,16.778591
16.849436,16.771284
17.4322,17.389442
17.599474,17.569696
18.3852,18.366882
18.716822,18.695795
21.489136,21.265509
22.221958,22.077559
22.942745,22.782587
22.535566,22.42024
23.856632,23.806913
23.290894,23.414167
24.578733,24.452616
24.323492,24.186485
25.590813,25.653522
25.626806,25.92768
24.453228,24.68715
23.82603,24.041533
23.18782,23.41762
23.510523,23.780897
20.969585,21.12976
19.597181,19.628899
20.182362,20.069324
20.023653,19.92481
20.929268,20.812094
20.829027,20.839
20.039488,20.058723
20.7509,20.717854
20.65339,20.638243
20.516396,20.496748
20.955015,20.97608
20.995651,20.947294
20.83655,20.791304
20.717308,20.662601
20.669235,20.599888
20.895653,20.752062
17.410336,17.268976
16.667677,16.543325
16.739183,16.603058
16.550514,16.479773
16.474035,16.403719
16.557625,16.48936
16.551247,16.487429
16.459328,16.415699
16.444965,16.407
16.405704,16.369232
16.314266,16.278875
16.23588,16.287004
16.30742,16.348593
16.419601,16.461113
16.109537,16.150608
16.006098,16.018608
16.012936,16.058115
15.926826,15.9658375
15.690252,15.69616
15.598226,15.532161
15.477259,15.408144
15.537183,15.479301
15.542482,15.466509
15.543909,15.429783
15.442158,15.3638315
15.470183,15.391139
15.370606,15.273026
15.180449,15.212112
15.034392,15.071281
14.95352,14.978998
14.783319,14.818784
14.73151,14.8144865
14.649273,14.722503
14.719153,14.7920475
14.626951,14.725486
14.558597,14.665939
14.515574,14.616302
14.4818535,14.586162
14.455265,14.563918
14.340941,14.43724
14.180927,14.258976
14.10079,14.170585
14.048625,14.121223
14.100642,14.20484
13.925045,14.003146
14.000595,14.086718
13.913895,14.026601
14.010082,14.132103
14.283389,14.457198
14.401561,14.57506
14.755514,14.998912
15.130449,15.270197
16.082151,16.22274
16.416662,16.616613
17.247637,17.485186
17.721767,17.769823
18.706024,18.721584
19.19817,19.165257
20.128962,20.003881
19.678823,19.60579
21.752922,21.511187
22.132978,21.808058
21.882467,21.628988
22.640179,22.486706
22.4059,22.169607
23.047092,22.780064
24.102945,23.87089
24.703148,24.673084
25.824034,25.832607
24.885084,24.693419
25.412027,25.230787
24.187311,24.162136
24.824554,24.941257
24.417055,24.51142
22.763395,22.70726
23.247799,23.480576
23.19982,23.382776
23.907,24.193953
22.87738,23.066648
22.031782,22.280493
21.921553,22.13457
21.670717,21.696308
21.489355,21.657087
21.870998,22.062658
22.008955,22.134611
22.050493,22.247847
23.097069,23.377216
24.014296,24.099493
23.962585,24.104727
23.760181,23.929617
23.968288,24.140524
24.688852,24.654604
23.328045,23.231506
22.94284,22.818138
22.711006,22.57359
23.042536,22.840134
23.002943,22.750853
22.955732,22.719154
22.26931,22.069107
22.070312,21.925655
21.351402,21.187057
21.176151,21.009977
20.55005,20.397358
20.274244,20.189758
19.534552,19.440195
19.462334,19.3698
18.948997,18.861734
18.765789,18.712126
18.355656,18.316202
18.216143,18.184628
17.929909,17.90853
17.781008,17.842613
17.652325,17.694387
17.627247,17.662542
17.521494,17.559952
17.571642,17.504307
17.366762,17.314661
17.277246,17.215872
17.124388,17.061235
17.02387,17.01842
16.859562,16.838997
16.82643,16.80006
16.73607,16.724602
16.529673,16.67514
16.369572,16.463968
16.333284,16.4492
16.296627,16.38318
16.254595,16.343596
16.106451,16.174168
16.095837,16.173582
16.049454,16.137922
15.9400425,16.152603
15.738999,15.915301
15.617556,15.786185
15.454386,15.613355
15.414438,15.540213
15.376246,15.486527
15.357788,15.472203
15.181806,15.285773
15.136697,15.305457
15.329389,15.486655
15.351722,15.549605
15.658258,15.838169
15.625718,15.866875
